,DWH_CARDUP_PAYMENT_ID,CARDUP_PAYMENT_CUSTOMER_COMPANY_ID,CARDUP_PAYMENT_SUCCESS_AT_UTC_TS,CARDUP_PAYMENT_PAYEE_NAME,CARDUP_PAYMENT_PAYMENT_TYPE,CARDUP_PAYMENT_SCHEDULE_TYPE,CARDUP_PAYMENT_USD_AMT,CARDUP_PAYMENT_NET_REVENUE_USD_AMT,CARDUP_PAYMENT_TOTAL_REVENUE_USD_AMT,PAYEE_NAME_WITH_SPACES,tokens,tokens_corpus
10,7ee615f97dfe9e9031e1eebe421b8560,,2024-08-13 04:26:03,139376_PROPNEX REALTY PTE LTD,Misc,recurring,1983.92208,10.7083256,36.705592, propnex realty  ,"['propnex', 'realty']",propnex realty
29,f718029a5803e5624b7e11faf74539fa,,2024-07-22 14:42:12,225309_Apex Law LLC,Misc,recurring,1365.084,7.3259508,25.254054, apex law ,"['apex', 'law']",apex law
53,8ee27302372089e52e8e54eda9c605c1,,2024-10-03 04:12:59,47912_The American Club ,Misc,recurring,1137.57,3.2762016,18.20112, the american club ,"['american', 'club']",american club
84,7f9afed78579df42fd9391bb81571949,,2024-04-16 04:04:02,52606_X-TREME AUTO PTE LTD,Misc,recurring,947.975,11.9672364,24.64735, xtreme auto  ,"['xtreme', 'auto']",xtreme auto
108,2090d176064c770f3a55e8199a014b95,,2023-12-22 04:08:42,76308_VINCAR LEASING AND RENTAL PTE LTD,Misc,recurring,1669.8162516,8.8199594,30.8888174, vincar leasing and rental  ,"['vincar', 'leasing', 'rental']",vincar leasing rental
132,94f953a8c4510eb170422906d02adb05,,2024-08-16 04:04:07,200143_OCBC Bank,Misc,recurring,5427.6725734,29.5237334,100.409512, ocbc bank,"['ocbc', 'bank']",ocbc bank
150,36fd604a2ad75c9769e01a1f1789add8,,2023-12-15 04:02:09,94027_MERCEDES-BENZ FLEET MANAGEMENT SINGAPORE PTE. LTD. f.k.a DAIMLER FLEET MANAGEMENT SINGAPORE PTE. LTD. f.k.a AUTOFLEET PACIFIC PTE. LTD.,Misc,recurring,2460.981019,11.8534794,44.2969758, mercedesbenz fleet management    fka daimler fleet management    fka autofleet pacific  ,"['mercedesbenz', 'fleet', 'management', 'fka', 'daimler', 'fleet', 'management', 'fka', 'autofleet', 'pacific']",mercedesbenz fleet management fka daimler fleet management fka autofleet pacific
152,3b038b0adc3f49f08a85bab729c16391,,2023-10-24 04:04:15,61507_CL LEASING PTE. LTD.,Misc,recurring,1335.052152,3.6478078,34.7110526, cl leasing  ,"['cl', 'leasing']",cl leasing
261,384403c76b3bc97f27dc9d4fd49ce74f,,2024-10-15 04:05:42,94027_MERCEDES-BENZ FLEET MANAGEMENT SINGAPORE PTE. LTD. f.k.a DAIMLER FLEET MANAGEMENT SINGAPORE PTE. LTD. f.k.a AUTOFLEET PACIFIC PTE. LTD.,Misc,recurring,2483.7627542,6.8178362,39.739112, mercedesbenz fleet management    fka daimler fleet management    fka autofleet pacific  ,"['mercedesbenz', 'fleet', 'management', 'fka', 'daimler', 'fleet', 'management', 'fka', 'autofleet', 'pacific']",mercedesbenz fleet management fka daimler fleet management fka autofleet pacific
263,9291d936c276a2aa03950c308cdadabc,,2023-11-28 04:35:35,147656_CYCLE & CARRIAGE LEASING PTE. LTD.,Misc,recurring,1895.95,-1.0313968,42.658875, cycle  carriage leasing  ,"['cycle', 'carriage', 'leasing']",cycle carriage leasing
279,8405c05b6621e0425889fd23c2ef64a3,,2024-05-03 10:01:00,136974_TRIPLE 3 NINE CONSULTING,Misc,recurring,7583.8,40.5581624,140.3003, triple  nine consulting,"['triple', 'nine', 'consulting']",triple nine consulting
306,010f9747a0906c87fdf08edd81374fbd,,2024-07-16 04:06:36,94027_MERCEDES-BENZ FLEET MANAGEMENT SINGAPORE PTE. LTD. f.k.a DAIMLER FLEET MANAGEMENT SINGAPORE PTE. LTD. f.k.a AUTOFLEET PACIFIC PTE. LTD.,Misc,recurring,2483.7627542,12.209918,44.706501, mercedesbenz fleet management    fka daimler fleet management    fka autofleet pacific  ,"['mercedesbenz', 'fleet', 'management', 'fka', 'daimler', 'fleet', 'management', 'fka', 'autofleet', 'pacific']",mercedesbenz fleet management fka daimler fleet management fka autofleet pacific
342,12b60393988a42888b59eb2dfacc254c,,2024-05-28 15:03:18,202558_Maplebear Learning Ladder Pte Ltd,Misc,recurring,1236.1594,5.8698612,22.8727408, maplebear learning ladder  ,"['maplebear', 'learning', 'ladder']",maplebear learning ladder
346,abcc08de3520cb840aa76c41f7b9a442,,2024-05-16 04:15:43,200143_OCBC Bank,Misc,recurring,5427.6725734,28.9852836,100.409512, ocbc bank,"['ocbc', 'bank']",ocbc bank
351,ffcf0af65f2da5e3250c29ca1398f10e,,2024-07-08 10:01:59,220495_Season Bus Services Co Pte Ltd,Misc,recurring,1446.4505902,7.7658112,26.7556464, season bus services co  ,"['season', 'bus', 'services', 'co']",season bus services co
368,6e31d80251f2a6bd6ec66028e056da0f,,2024-09-09 10:12:14,238274_ CIRCULAR LAW CHAMBERS LLP,Misc,recurring,2528.43892,8.6531158,42.9849784,  circular law chambers ,"['circular', 'law', 'chambers']",circular law chambers
377,4c92b694a5d3fcaf8ab4ea083cea5b2d,,2024-05-17 06:33:03,74094_Mercedes-Benz Fleet Management Singapore Pte Ltd,Misc,recurring,2688.495019,34.1877704,69.8998846, mercedesbenz fleet management   ,"['mercedesbenz', 'fleet', 'management']",mercedesbenz fleet management
388,f615dc2fef98dad83ef977d696dc50b4,,2023-11-15 04:02:13,94027_MERCEDES-BENZ FLEET MANAGEMENT SINGAPORE PTE. LTD. f.k.a DAIMLER FLEET MANAGEMENT SINGAPORE PTE. LTD. f.k.a AUTOFLEET PACIFIC PTE. LTD.,Misc,recurring,2460.981019,11.8610632,44.2969758, mercedesbenz fleet management    fka daimler fleet management    fka autofleet pacific  ,"['mercedesbenz', 'fleet', 'management', 'fka', 'daimler', 'fleet', 'management', 'fka', 'autofleet', 'pacific']",mercedesbenz fleet management fka daimler fleet management fka autofleet pacific
395,3e259e55c499772d58666f148556b4e5,,2024-03-25 10:01:51,181027_BRILLIANT TOTS JUNIOR PTE. LTD,Misc,recurring,1061.732,5.5589254,19.642042, brilliant tots junior  ,"['brilliant', 'tots', 'junior']",brilliant tots junior
408,79109e1d270fd9ae2ca80836ecadf582,,2024-09-30 04:08:34,210411_FLYWIRE (SINGAPORE) PTE. LTD.,Misc,recurring,1403.003,7.5382972,25.9593474, flywire   ,['flywire'],flywire
411,103c8abab10ce2addddcb0bf47d0d9e3,,2024-07-22 15:06:12,136974_TRIPLE 3 NINE CONSULTING,Misc,recurring,2230.39558,12.058242,41.2634558, triple  nine consulting,"['triple', 'nine', 'consulting']",triple nine consulting
428,c7767b4d9067b86e3c62f1548210f2b8,,2024-07-11 10:42:05,185375_Dalvey Breeze Development Pte Ltd-Maintenance Fund,Misc,recurring,8636.43144,42.6664588,159.7754984, dalvey breeze development  maintenance fund,"['dalvey', 'breeze', 'development', 'maintenance', 'fund']",dalvey breeze development maintenance fund
433,14dfd4b336643cc0d24d2db6c627bdb5,,2024-05-28 15:05:33,76308_VINCAR LEASING AND RENTAL PTE LTD,Misc,recurring,3264.8259,17.3744858,60.3973832, vincar leasing and rental  ,"['vincar', 'leasing', 'rental']",vincar leasing rental
457,9b6bb1d42200ddde1a90e8bb8804e949,,2024-01-29 04:01:26,78590_Kinto Singapore Pte Ltd,Misc,recurring,2056.6658896,26.126191,53.4733738, kinto   ,['kinto'],kinto
477,6e1fcad6aa31c3dbb3c33fa5349f5408,,2024-07-30 07:00:31,198130_Leads Global Pte Ltd,Misc,recurring,2121.18886,11.4591218,39.2385812, leads global  ,"['leads', 'global']",leads global
508,b5981198fabc0b5cc7655f8f2dffba90,,2024-07-22 04:01:37,142076_CREV Consultancy Pte Ltd,Misc,recurring,2123.464,27.1955068,55.210064, crev consultancy  ,"['crev', 'consultancy']",crev consultancy
550,31d043e353075d6e59fb9e5d49d1cbb8,,2024-03-01 04:01:16,137852_SIPM CONSULTANTS PTE. LTD.,Misc,recurring,5071.7648394,14.5457284,81.14666, sipm consultants  ,"['sipm', 'consultants']",sipm consultants
563,90a08a34508f9147117c33005bf3e51c,,2024-09-03 15:00:53,236492_The Medical Protection Society Ltd ,Misc,recurring,1395.4192,7.4927944,25.8152552, the medical protection society  ,"['medical', 'protection', 'society']",medical protection society
588,41665eed81d0f6021e87a9b924125fc0,,2024-09-30 15:04:39,245039_PEM Confinement Nanny Agency Pte Ltd,Misc,recurring,1302.89684,6.9846798,24.1013164, pem confinement nanny agency  ,"['pem', 'confinement', 'nanny', 'agency']",pem confinement nanny agency
594,5ff1f25e2e6eb48bece3d3b500e0d0b0,,2023-10-04 04:02:33,111887_Shaws CDLC @ Mountbatten Pte. Ltd.,Misc,recurring,1611.5575,20.2790812,41.900495, shaws cdlc  mountbatten  ,"['shaws', 'cdlc', 'mountbatten']",shaws cdlc mountbatten
597,5de451663a61ef0f089641ddf893e9aa,,2024-01-02 04:09:30,123893_Aveo Pte Ltd,Misc,recurring,1873.1986,9.9196104,34.657966, aveo  ,['aveo'],aveo
599,a10a6cab02206dfbc32102029d1c37e1,,2024-02-23 04:01:24,61507_CL LEASING PTE. LTD.,Misc,recurring,1335.052152,16.911874,34.7110526, cl leasing  ,"['cl', 'leasing']",cl leasing
609,4907aa6f8164a315c057aadb6882e6af,,2024-08-06 15:01:40,229551_OPTIMA CARZ LEASING PTE. LTD. f.k.a OPTIMA CARZ PTE. LTD.,Misc,recurring,1405.27814,17.9508546,36.5387484, optima carz leasing   fka optima carz  ,"['optima', 'carz', 'leasing', 'fka', 'optima', 'carz']",optima carz leasing fka optima carz
625,e3df7dc7673985e9603a08034d525fd7,,2023-12-19 15:02:52,159149_PROPFUNNELS PTE. LIMITED,Misc,recurring,2730.168,14.5078094,50.508108, propfunnels  ,['propfunnels'],propfunnels
656,f3e81c7bf98fb5a9a5a146e272381a98,,2024-08-28 04:00:34,63405_Seah Yoke Leng Janice,Misc,recurring,2275.89838,29.159711,59.1763914, seah yoke leng janice,"['seah', 'yoke', 'leng', 'janice']",seah yoke leng janice
673,9f24cf2019540c28ecc3aec951787fb6,,2024-09-10 15:48:03,239699_PKS FURNITURE  & WOODWORKS,Misc,recurring,6067.04,33.0122814,112.24024, pks furniture   woodworks,"['pks', 'furniture', 'woodworks']",pks furniture woodworks
683,efc24fc1bd3ed50795d619d3fd911afd,,2024-05-28 15:02:48,97759_Yu Yi Optic LLP,Misc,recurring,7583.8,40.5429948,140.3003, yu yi optic ,"['yu', 'yi', 'optic']",yu yi optic
711,bde751ce42bf40c850595bcf3aeed8e8,,2024-04-02 04:03:10,137852_SIPM CONSULTANTS PTE. LTD.,Misc,recurring,5071.7648394,14.5457284,81.14666, sipm consultants  ,"['sipm', 'consultants']",sipm consultants
725,442c7ea2ac54ad95c33bbc220690d1de,,2024-03-25 08:14:39,17463_Ibraco Bhd,Misc,recurring,10890.3368,91.93840133296,174.2453888, ibraco ,['ibraco'],ibraco
733,3a8c06dc79dcdef766e92d1dd5b5c5de,,2024-04-22 04:08:41,189688_Vigeo Health and Fitness Pte Ltd,Misc,recurring,1314.5152216,6.9240094,24.3212466, vigeo health and fitness  ,"['vigeo', 'health', 'fitness']",vigeo health fitness
751,b86e2c52369ae44bfee163b1f6103ede,,2024-08-27 07:01:28,232675_GYMWITHJONES PTE. LTD,Misc,recurring,1911.1176,10.313968,35.3556756, gymwithjones  ,['gymwithjones'],gymwithjones
807,8cb118aace8e25795aae110af5b0b82b,,2024-03-19 04:15:32,74094_Mercedes-Benz Fleet Management Singapore Pte Ltd,Misc,recurring,2688.495019,14.2802954,49.7345604, mercedesbenz fleet management   ,"['mercedesbenz', 'fleet', 'management']",mercedesbenz fleet management
818,1c58a80877265a0070acc8e2adf78dcc,,2024-01-22 04:16:32,22507_MOVA Automotive Pte Ltd,Misc,recurring,2066.5855,10.9510072,38.2299358, mova automotive  ,"['mova', 'automotive']",mova automotive
831,673b9e1d36ecfae96a8a18ec9a3504bf,,2024-08-27 04:30:10,202558_Maplebear Learning Ladder Pte Ltd,Misc,recurring,1236.1594,5.9987858,22.8727408, maplebear learning ladder  ,"['maplebear', 'learning', 'ladder']",maplebear learning ladder
848,2bf3ef48cf9b3bb6862602d600cc1eba,,2023-10-24 04:05:32,47912_The American Club ,Misc,recurring,1137.57,3.0486876,18.20112, the american club ,"['american', 'club']",american club
855,337a9212621ef5a12257ed44576d36da,,2024-07-30 07:00:31,220212_High Speed Credit Pte Ltd,Misc,recurring,1137.57,-0.8114666,25.595325, high speed credit  ,"['high', 'speed', 'credit']",high speed credit
862,128eab399ae052076e727844cc03891c,,2024-08-13 04:21:06,82992_O2 Digital,Misc,recurring,12815.86362,69.8923008,237.0923394, o digital,['digital'],digital
867,f7a8297c1b8a8788cc1031b6d1685c28,,2024-08-06 15:03:54,159149_PROPFUNNELS PTE. LIMITED,Misc,recurring,8797.208,47.929616,162.748348, propfunnels  ,['propfunnels'],propfunnels
883,ecbc6c56b452fb1f8ba2f333b9d4bd10,,2024-09-03 04:14:31,211983_FWD Singapore Pte. Ltd.,Misc,recurring,1516.76,8.1601688,28.06006, fwd   ,['fwd'],fwd
905,cb626303667b96d77d8bdd6c3aa661a1,,2024-07-17 04:01:55,47912_The American Club ,Misc,recurring,1137.57,3.2762016,18.20112, the american club ,"['american', 'club']",american club
907,fd0335f1cfbd63fcae47e0fe1a11c4e0,,2024-05-10 04:03:23,22507_MOVA Automotive Pte Ltd,Misc,recurring,2066.5855,10.9510072,38.2299358, mova automotive  ,"['mova', 'automotive']",mova automotive
921,c5020b50062786edac82656fcb6610e1,,2023-11-07 04:03:00,93509_HONG LEONG FINANCE LIMITED f.k.a HONG LEONG SINGAPORE FINANCE LIMITED f.k.a SINGAPORE FINANCE LIMITED,Misc,recurring,1625.96672,8.5848616,30.0773508, hong leong finance  fka hong leong  finance  fka  finance ,"['hong', 'leong', 'finance', 'fka', 'hong', 'leong', 'finance', 'fka', 'finance']",hong leong finance fka hong leong finance fka finance
980,fc815025eb6d8ba36c71fb952361c155,,2024-06-11 14:45:04,209632_JUSEQUITY LAW CORPORATION,Misc,recurring,6376.07985,34.7034688,117.9584252, jusequity law corporation,"['jusequity', 'law', 'corporation']",jusequity law corporation
981,adfdbc70c758812e89594e3a2901fb36,,2023-11-21 04:25:28,22507_MOVA Automotive Pte Ltd,Misc,recurring,2047.626,10.8524178,37.881081, mova automotive  ,"['mova', 'automotive']",mova automotive
982,2e60c2eef4e2a9fbc46089370a582b67,,2023-10-27 04:01:06,57205_ST AUTO PTE LTD,Misc,recurring,1962.68744,24.723188,51.0313902, st auto  ,"['st', 'auto']",st auto
1014,be6a68a9a27b0c64fb173f55195c55a2,,2024-08-20 04:05:16,74094_Mercedes-Benz Fleet Management Singapore Pte Ltd,Misc,recurring,2688.495019,34.4607872,69.8998846, mercedesbenz fleet management   ,"['mercedesbenz', 'fleet', 'management']",mercedesbenz fleet management
1043,e43418bda4f0cb424728b21a5f310eec,,2023-12-28 04:07:33,147656_CYCLE & CARRIAGE LEASING PTE. LTD.,Misc,recurring,1895.95,-1.0313968,42.658875, cycle  carriage leasing  ,"['cycle', 'carriage', 'leasing']",cycle carriage leasing
1071,0a16c692da2d8d58c9b6eaeaf68ac305,,2023-12-05 04:12:43,147412_Star Performance Motor Pte Ltd,Misc,recurring,5946.45758,31.7533706,110.0106028, star performance motor  ,"['star', 'performance', 'motor']",star performance motor
1086,d70359e403d9587c2b0c627bbf0fefec,,2024-06-21 15:24:05,181068_SG EVENT RENTAL SERVICES PTE LTD,Misc,recurring,4474.442,57.447285,116.335492, sg event rental services  ,"['sg', 'event', 'rental', 'services']",sg event rental services
1100,42a8746f55ce3fc274dff047e79798a8,,2024-09-04 04:17:00,223764_Nomads Design Studio,Misc,recurring,7583.8,41.3013748,140.3003, nomads design studio,"['nomads', 'design', 'studio']",nomads design studio
1104,2f96b5997a20cd8f8f61c3bd74199f45,,2023-10-20 04:18:30,142076_CREV Consultancy Pte Ltd,Misc,recurring,2123.464,26.7556464,55.210064, crev consultancy  ,"['crev', 'consultancy']",crev consultancy
1112,be593b892318bba79fef02326c1d1551,,2024-09-26 04:22:03,202558_Maplebear Learning Ladder Pte Ltd,Misc,recurring,1236.1594,5.9987858,22.8727408, maplebear learning ladder  ,"['maplebear', 'learning', 'ladder']",maplebear learning ladder
1122,e154db6d8768dc0986b8906caef06212,,2024-07-15 15:01:16,218845_DOLPHIN FINANCIAL PTE LTD,Misc,recurring,3791.9,27.1727554,81.52585, dolphin financial  ,"['dolphin', 'financial']",dolphin financial
1127,bc96b4f010bfcabc9dcd10756f093721,,2023-11-16 15:00:58,133366_Life Mastery Coaching Singapore LLP,Misc,recurring,1592.598,8.4104342,29.463063, life mastery coaching  ,"['life', 'mastery', 'coaching']",life mastery coaching
1128,ab8e437c908b7bee064ef60ed047a636,,2024-09-27 04:07:29,82992_O2 Digital,Misc,recurring,15167.6,82.7695932,280.6006, o digital,['digital'],digital
1138,c65dd4b8e5503b1ab1ddfdab7c28bf1b,,2024-03-11 15:00:49,176929_Anticimex Pest Management Pte Ltd,Misc,recurring,975.428356,4.6185342,17.556497, anticimex pest management  ,"['anticimex', 'pest', 'management']",anticimex pest management
1140,c297da73c4a324ed3cbbe31652647d10,,2024-01-03 04:07:06,92003_ BOWERMAN INTERIOR PLANNER,Misc,recurring,4882.3290992,26.0427692,90.323058,  bowerman interior planner,"['bowerman', 'interior', 'planner']",bowerman interior planner
1163,59c402e82f9568337ef6bc825da32660,,2024-09-13 04:01:08,131934_STANDARD CHARTERED BANK (SINGAPORE) LIMITED,Misc,recurring,1875.8756814,6.4158948,30.9494878, standard chartered bank  ,"['standard', 'chartered', 'bank']",standard chartered bank
1165,42a22780aa009735574020f6843c2c6f,,2024-07-11 04:06:20,212911_NTUC Health Co-operative Ltd,Misc,recurring,1065.7438302,5.6954338,19.71788, ntuc health cooperative ,"['ntuc', 'health', 'cooperative']",ntuc health cooperative
1189,44b1ef41f24ed168cfb0eaae8553487c,,2023-11-28 04:36:53,147412_Star Performance Motor Pte Ltd,Misc,recurring,5946.45758,31.7609544,110.0106028, star performance motor  ,"['star', 'performance', 'motor']",star performance motor
1196,5dac51f656b677219a59c11c91994d8b,,2024-06-18 04:04:33,74094_Mercedes-Benz Fleet Management Singapore Pte Ltd,Misc,recurring,2688.495019,34.4607872,69.8998846, mercedesbenz fleet management   ,"['mercedesbenz', 'fleet', 'management']",mercedesbenz fleet management
1202,1840a657bb1fb6eb8c7aeadecb77b616,,2024-06-10 15:21:05,210942_GLOW WITH GRACE,Misc,recurring,8626.5725,46.9968086,159.5934872, glow with grace,"['glow', 'grace']",glow grace
1217,44726e608adfa2fc5ee259d995368e3e,,2024-05-14 04:01:42,131934_STANDARD CHARTERED BANK (SINGAPORE) LIMITED,Misc,recurring,1875.8756814,6.218716,30.9494878, standard chartered bank  ,"['standard', 'chartered', 'bank']",standard chartered bank
1240,d80c8dea71b36ca54208300c9ca1285f,,2024-06-12 04:06:23,211530_PERTINENT LAW LLP,Misc,recurring,1137.57,6.0822076,21.045045, pertinent law ,"['pertinent', 'law']",pertinent law
1366,72091b544e3d8961b6fdad63b6dfdd31,,2024-06-26 15:03:14,97759_Yu Yi Optic LLP,Misc,recurring,7583.8,41.3013748,140.3003, yu yi optic ,"['yu', 'yi', 'optic']",yu yi optic
1378,6f0b16ca15a351529a717cfbd0e64543,,2024-01-29 04:00:47,57205_ST AUTO PTE LTD,Misc,recurring,1962.68744,24.9279506,51.0313902, st auto  ,"['st', 'auto']",st auto
1448,672e2ad3068b8d5e759c44efb014f2b5,,2024-05-16 04:03:11,47912_The American Club ,Misc,recurring,1137.57,3.1624446,18.20112, the american club ,"['american', 'club']",american club
1467,07f465867b43ece64772ee41040f9478,,2024-06-11 04:32:41,116779_Yu Yi Optic LLP,Misc,recurring,7583.8,41.3013748,140.3003, yu yi optic ,"['yu', 'yi', 'optic']",yu yi optic
1480,2f3a64ed8e25c3b69086f3fe3c23373b,,2023-10-27 04:17:43,145478_Yew Mei Decoration Contractor ,Misc,recurring,7583.8,39.7694472,140.3003, yew mei decoration contractor ,"['yew', 'mei', 'decoration', 'contractor']",yew mei decoration contractor
1518,87f497a78be84e4c80b6ffdb4422636e,,2024-08-14 15:01:29,211976_Nifty Auto Service Pte Ltd,Misc,recurring,1124.222512,6.0063696,20.7947796, nifty auto service  ,"['nifty', 'auto', 'service']",nifty auto service
1526,3aa576c5863c9f92186150f4e7768433,,2024-01-31 17:06:07,92003_ BOWERMAN INTERIOR PLANNER,Misc,recurring,4882.3290992,26.050353,90.323058,  bowerman interior planner,"['bowerman', 'interior', 'planner']",bowerman interior planner
1540,34cad02bfc24b1f82acc180446d3b6c2,,2024-07-08 05:11:31,217175_Huttons Asia Pte Ltd,Misc,recurring,5373.1223,29.2279652,99.4008666, huttons asia  ,"['huttons', 'asia']",huttons asia
1564,d330d451970628062ec5567ccbae5be5,,2024-05-10 15:00:19,173963_HOCK CHUAN HENG CAR RENTAL & TRADING,Misc,recurring,910.056,4.7474588,16.836036, hock chuan heng car rental  trading,"['hock', 'chuan', 'heng', 'car', 'rental', 'trading']",hock chuan heng car rental trading
1584,0b2a7c41fb3f21ab2f3075556bbe86f0,,2024-07-01 15:04:49,198130_Leads Global Pte Ltd,Misc,recurring,2121.18886,11.4591218,39.2385812, leads global  ,"['leads', 'global']",leads global
1623,34b207cb5c152bb302184affc0773708,,2023-12-12 07:00:27,156784_MUSICAL TOUCH,Misc,recurring,1210.37448,6.3628082,22.3949614, musical touch,"['musical', 'touch']",musical touch
1663,4d196b6a7a64e2b4a17409409540d8dc,,2023-11-14 04:05:49,131934_STANDARD CHARTERED BANK (SINGAPORE) LIMITED,Misc,recurring,1875.8756814,6.2262998,30.9494878, standard chartered bank  ,"['standard', 'chartered', 'bank']",standard chartered bank
1677,af4a381986031c38216db4d72c3705fd,,2024-06-14 04:11:38,210942_GLOW WITH GRACE,Misc,recurring,8626.5725,62.4374254,175.2312828, glow with grace,"['glow', 'grace']",glow grace
1692,e057f036987f9335580e52e5d3274406,,2024-07-03 17:56:27,97759_Yu Yi Optic LLP,Misc,recurring,7583.8,41.3165424,140.3003, yu yi optic ,"['yu', 'yi', 'optic']",yu yi optic
1768,cc79edb3906537180184ef8579a67fb3,,2024-04-08 15:00:57,185375_Dalvey Breeze Development Pte Ltd-Maintenance Fund,Misc,recurring,8636.43144,46.185342,159.7754984, dalvey breeze development  maintenance fund,"['dalvey', 'breeze', 'development', 'maintenance', 'fund']",dalvey breeze development maintenance fund
1771,c73aac12a7e2ed25e935688c3f2dd00e,,2024-08-05 04:17:09,196751_Gem Floriculture Pte Ltd,Misc,recurring,1321.173798,3.602305,34.3470302, gem floriculture  ,"['gem', 'floriculture']",gem floriculture
1795,9de1372def3ff59da578145edce7b9e1,,2023-11-01 04:03:16,137852_SIPM CONSULTANTS PTE. LTD.,Misc,recurring,5025.9890226,14.4168038,80.4186152, sipm consultants  ,"['sipm', 'consultants']",sipm consultants
1805,c4f9a81e108923764c829ec27ecc0491,,2024-10-15 04:02:05,131934_STANDARD CHARTERED BANK (SINGAPORE) LIMITED,Misc,recurring,1875.8756814,6.0442886,30.9494878, standard chartered bank  ,"['standard', 'chartered', 'bank']",standard chartered bank
1817,e4df548a55e2db031fb85a87a1a4b692,,2024-05-06 10:02:22,76308_VINCAR LEASING AND RENTAL PTE LTD,Misc,recurring,1718.6862588,9.0853924,31.7988734, vincar leasing and rental  ,"['vincar', 'leasing', 'rental']",vincar leasing rental
1836,9167380e09995aeaec7229dc9710d2f1,,2024-08-21 14:06:07,136974_TRIPLE 3 NINE CONSULTING,Misc,recurring,7583.8,41.3165424,140.3003, triple  nine consulting,"['triple', 'nine', 'consulting']",triple nine consulting
1868,5b78a2a08904fff02817452de8bc783f,,2024-08-16 03:15:05,94027_MERCEDES-BENZ FLEET MANAGEMENT SINGAPORE PTE. LTD. f.k.a DAIMLER FLEET MANAGEMENT SINGAPORE PTE. LTD. f.k.a AUTOFLEET PACIFIC PTE. LTD.,Misc,recurring,2483.7627542,7.3107832,39.739112, mercedesbenz fleet management    fka daimler fleet management    fka autofleet pacific  ,"['mercedesbenz', 'fleet', 'management', 'fka', 'daimler', 'fleet', 'management', 'fka', 'autofleet', 'pacific']",mercedesbenz fleet management fka daimler fleet management fka autofleet pacific
1872,c6860361e551f4be4e197f13a7fc6c3c,,2024-08-15 04:11:00,206106_Integrative Manpower Solutions Pte Ltd,Misc,recurring,2625.246127,14.2120412,48.5666552, integrative manpower solutions  ,"['integrative', 'manpower', 'solutions']",integrative manpower solutions
1912,f347f7ba54e291aff355abe95101c4c2,,2024-09-11 04:11:52,137852_SIPM CONSULTANTS PTE. LTD.,Misc,recurring,5072.5232194,15.0765944,81.1618276, sipm consultants  ,"['sipm', 'consultants']",sipm consultants
1932,18d8abecad467f2f05b354b3382c93fc,,2024-03-07 10:00:51,133366_Life Mastery Coaching Singapore LLP,Misc,recurring,1592.598,8.4104342,29.463063, life mastery coaching  ,"['life', 'mastery', 'coaching']",life mastery coaching
1945,1ea55bfab356e1fe72210f5e92b47eb0,,2024-06-25 05:42:04,181068_SG EVENT RENTAL SERVICES PTE LTD,Misc,recurring,4474.442,24.3136628,82.777177, sg event rental services  ,"['sg', 'event', 'rental', 'services']",sg event rental services
1946,4c0bb3cd4f0a094bc3d6407d6eadb39e,,2024-05-27 15:01:18,61507_CL LEASING PTE. LTD.,Misc,recurring,1347.413746,17.06355,35.0295722, cl leasing  ,"['cl', 'leasing']",cl leasing
2034,81ed9777b27e094a1f355c1d86f7563c,,2024-10-11 10:02:08,249132_Maclife Solutions Pte Ltd,Misc,recurring,2305.4752,10.8751692,41.0359418, maclife solutions  ,"['maclife', 'solutions']",maclife solutions
2036,f97de8541532c56724421cb68900f4c3,,2024-03-26 04:00:56,57205_ST AUTO PTE LTD,Misc,recurring,1962.68744,24.9279506,51.0313902, st auto  ,"['st', 'auto']",st auto
2041,26e1b46b2e3fecbbbba38c4df1ad6b72,,2024-08-27 15:00:50,61507_CL LEASING PTE. LTD.,Misc,recurring,1347.413746,17.2076422,35.0295722, cl leasing  ,"['cl', 'leasing']",cl leasing
2042,9e38e5c3943464addd1889914b0ccd7c,,2024-03-27 04:00:24,63405_Seah Yoke Leng Janice,Misc,recurring,2275.89838,28.9246132,59.1763914, seah yoke leng janice,"['seah', 'yoke', 'leng', 'janice']",seah yoke leng janice
2043,a637b9a29a93f3b3c6043ed2836d12bf,,2023-12-13 04:01:49,131934_STANDARD CHARTERED BANK (SINGAPORE) LIMITED,Misc,recurring,1875.8756814,6.218716,30.9494878, standard chartered bank  ,"['standard', 'chartered', 'bank']",standard chartered bank
2065,c8b527bbca639ff6a08fd5468fef5e02,,2023-10-19 04:04:58,74094_Mercedes-Benz Fleet Management Singapore Pte Ltd,Misc,recurring,2663.8325014,13.878354,49.2795324, mercedesbenz fleet management   ,"['mercedesbenz', 'fleet', 'management']",mercedesbenz fleet management
2080,b78d87b549bf2f7cf5e8e722d6639291,,2024-07-03 04:13:16,136974_TRIPLE 3 NINE CONSULTING,Misc,recurring,7583.8,41.3013748,140.3003, triple  nine consulting,"['triple', 'nine', 'consulting']",triple nine consulting
2146,8ac7c49c63fdc2457cb3faf405cb6204,,2023-12-12 07:00:25,156783_LIGHTEDPIXELS PHOTOGRAPHY PTE. LTD.,Misc,recurring,1459.8815,7.697557,27.0059118, lightedpixels photography  ,"['lightedpixels', 'photography']",lightedpixels photography
2151,0aa084a2867a528c77bfe30b24b9303f,,2024-08-20 05:01:33,224055_POWER SOLUTION SERVICES PTE. LTD.,Misc,recurring,2953.6474184,16.0094018,54.641279, power solution services  ,"['power', 'solution', 'services']",power solution services
2153,6c35d17c4b125fd809df89812799501a,,2024-06-14 04:03:38,94027_MERCEDES-BENZ FLEET MANAGEMENT SINGAPORE PTE. LTD. f.k.a DAIMLER FLEET MANAGEMENT SINGAPORE PTE. LTD. f.k.a AUTOFLEET PACIFIC PTE. LTD.,Misc,recurring,2483.7627542,12.2175018,44.706501, mercedesbenz fleet management    fka daimler fleet management    fka autofleet pacific  ,"['mercedesbenz', 'fleet', 'management', 'fka', 'daimler', 'fleet', 'management', 'fka', 'autofleet', 'pacific']",mercedesbenz fleet management fka daimler fleet management fka autofleet pacific
2169,195791636ce6c9785ff34c0e161b7449,,2023-11-03 07:00:13,148126_Biohackk International Pte Ltd,Misc,recurring,3071.439,8.1677526,69.1111694, biohackk international  ,"['biohackk', 'international']",biohackk international
2221,c555d8311bbdf8f2d572ab1e82c1a1af,,2024-10-01 04:20:13,211983_FWD Singapore Pte. Ltd.,Misc,recurring,1516.76,8.1601688,28.06006, fwd   ,['fwd'],fwd
2238,b5735d8433056128faa6769af93de88e,,2024-08-12 04:02:55,22507_MOVA Automotive Pte Ltd,Misc,recurring,2066.5855,11.1557698,38.2299358, mova automotive  ,"['mova', 'automotive']",mova automotive
2258,8378088aada85487b28f2be42c0d5375,,2023-12-19 04:28:17,142076_CREV Consultancy Pte Ltd,Misc,recurring,2123.464,26.9755766,55.210064, crev consultancy  ,"['crev', 'consultancy']",crev consultancy
2277,230b086e418f1bcb544450ed2c384159,,2024-05-20 15:03:02,97759_Yu Yi Optic LLP,Misc,recurring,7583.8,40.5278272,140.3003, yu yi optic ,"['yu', 'yi', 'optic']",yu yi optic
2356,89e7a2f508adcdf2eec14a6951c4976e,,2024-07-29 15:02:51,210411_FLYWIRE (SINGAPORE) PTE. LTD.,Misc,recurring,1782.193,9.6086746,32.9743624, flywire   ,['flywire'],flywire
2375,73c5d15c2e3e176b4374d2e714a86b55,,2024-09-23 15:00:43,236651_SG International Solutions Pte. Ltd.,Misc,recurring,4739.875,23.4263582,85.31775, sg international solutions  ,"['sg', 'international', 'solutions']",sg international solutions
2468,6caf9c897d00e242d7c0bd493b23b353,,2024-08-28 04:08:22,235760_SAMMO PTE LTD,Misc,recurring,4867.2221696,26.4598782,90.0424574, sammo  ,['sammo'],sammo
2517,5f847fb80957396c537c8308dd58b092,,2024-06-18 04:03:38,47912_The American Club ,Misc,recurring,1137.57,3.2762016,18.20112, the american club ,"['american', 'club']",american club
2581,b1896049d5fc59910de61231756416d0,,2023-11-08 04:07:45,142327_CHEONG TAILOR,Misc,recurring,1516.76,7.2576966,27.30168, cheong tailor,"['cheong', 'tailor']",cheong tailor
2612,b3d9a415c2319139d96d43914d0f3121,,2024-06-28 15:00:45,50776_ SINGAPORE FURNITURE RENTAL PTE. LTD.,Misc,recurring,4944.6376,-1.9187014,111.254346,   furniture rental  ,"['furniture', 'rental']",furniture rental
2632,9fa5dc533144fdf830b5f182512c71b6,,2024-08-01 04:08:03,211983_FWD Singapore Pte. Ltd.,Misc,recurring,1516.76,8.1601688,28.06006, fwd   ,['fwd'],fwd
2700,cbb7797e37a178162a35ad05108691e0,,2024-06-27 15:00:35,212911_NTUC Health Co-operative Ltd,Misc,recurring,1065.7438302,5.6954338,19.71788, ntuc health cooperative ,"['ntuc', 'health', 'cooperative']",ntuc health cooperative
2712,52a3a7e487a9b7c30e91b3f1f79fc61a,,2024-09-16 04:08:32,236651_SG International Solutions Pte. Ltd.,Misc,recurring,4739.875,23.433942,85.31775, sg international solutions  ,"['sg', 'international', 'solutions']",sg international solutions
2730,4aa7604c47aa6e12c5fa38e88d395780,,2023-10-03 04:04:36,78329_Laguna Hotel Holdings PTE LTD,Misc,recurring,910.056,4.6564532,16.836036, laguna hotel holdings  ,"['laguna', 'hotel', 'holdings']",laguna hotel holdings
2738,3f307747ef9aecec76c0947f44962f77,,2024-07-29 04:29:26,137852_SIPM CONSULTANTS PTE. LTD.,Misc,recurring,5071.7648394,15.0614268,81.14666, sipm consultants  ,"['sipm', 'consultants']",sipm consultants
2794,26db2e1001de1aca2ad86b9282306220,,2024-09-20 04:01:26,22507_MOVA Automotive Pte Ltd,Misc,recurring,2066.5855,11.1557698,38.2299358, mova automotive  ,"['mova', 'automotive']",mova automotive
2815,363add8f644d12cc0efcf7ef98ffdc1c,,2024-06-27 05:03:09,61507_CL LEASING PTE. LTD.,Misc,recurring,1347.413746,17.2076422,35.0295722, cl leasing  ,"['cl', 'leasing']",cl leasing
2830,074f6dd9db08dc7715a5cbad5e1868b7,,2024-02-19 04:03:21,47912_The American Club ,Misc,recurring,1137.57,3.1624446,18.20112, the american club ,"['american', 'club']",american club
2837,24aa792e349378c23d39c7cafa806eb1,,2024-10-09 07:01:08,244319_MOTORWAY CAR RENTALS PTE LTD,Misc,recurring,1818.59524,8.5469426,32.3676584, motorway car rentals  ,"['motorway', 'car', 'rentals']",motorway car rentals
2844,8ba97eed5ea71d6b005ebe8f303fb895,,2024-10-01 04:17:27,211983_FWD Singapore Pte. Ltd.,Misc,recurring,1516.76,8.1601688,28.06006, fwd   ,['fwd'],fwd
2867,7711a3b66ea84b077470fa674897731f,,2023-12-22 04:02:08,61507_CL LEASING PTE. LTD.,Misc,recurring,1335.052152,16.911874,34.7110526, cl leasing  ,"['cl', 'leasing']",cl leasing
2873,0c3dbe441eb3f4d79091fc597da85e64,,2023-11-23 04:02:28,61507_CL LEASING PTE. LTD.,Misc,recurring,1335.052152,16.911874,34.7110526, cl leasing  ,"['cl', 'leasing']",cl leasing
2875,87c76554d51bd5c2065085c111d81bd2,,2023-10-13 04:02:24,131934_STANDARD CHARTERED BANK (SINGAPORE) LIMITED,Misc,recurring,1875.8756814,6.029121,30.9494878, standard chartered bank  ,"['standard', 'chartered', 'bank']",standard chartered bank
2913,24d6147c7988eb2a7206f4202be9ce80,,2024-04-15 04:02:10,156159_The American Club ,Misc,recurring,1109.0321606,5.8091908,20.514179, the american club ,"['american', 'club']",american club
2920,357f3d0fc66bb3abbb42df3e42ebe26a,,2024-07-02 04:39:23,181068_SG EVENT RENTAL SERVICES PTE LTD,Misc,recurring,4474.442,24.3136628,82.777177, sg event rental services  ,"['sg', 'event', 'rental', 'services']",sg event rental services
2948,473a0e04f4facdf6676f7bc97422491a,,2024-06-27 04:01:11,63405_Seah Yoke Leng Janice,Misc,recurring,2275.89838,29.159711,59.1763914, seah yoke leng janice,"['seah', 'yoke', 'leng', 'janice']",seah yoke leng janice
2953,fd8fd95f79739c5591e2104edb131b48,,2024-08-06 15:24:04,136974_TRIPLE 3 NINE CONSULTING,Misc,recurring,5308.66,28.8715266,98.21021, triple  nine consulting,"['triple', 'nine', 'consulting']",triple nine consulting
2961,7365930085f861e65b253b4565ef9150,,2024-09-16 04:04:17,201058_RED ALPHA CYBERSECURITY PTE. LTD,Misc,recurring,3033.52,16.4416784,56.12012, red alpha cybersecurity  ,"['red', 'alpha', 'cybersecurity']",red alpha cybersecurity
2978,d1bc3a69fadce2cdac06a52c475b9df5,,2024-02-15 04:05:55,94027_MERCEDES-BENZ FLEET MANAGEMENT SINGAPORE PTE. LTD. f.k.a DAIMLER FLEET MANAGEMENT SINGAPORE PTE. LTD. f.k.a AUTOFLEET PACIFIC PTE. LTD.,Misc,recurring,2483.7627542,11.9596526,44.706501, mercedesbenz fleet management    fka daimler fleet management    fka autofleet pacific  ,"['mercedesbenz', 'fleet', 'management', 'fka', 'daimler', 'fleet', 'management', 'fka', 'autofleet', 'pacific']",mercedesbenz fleet management fka daimler fleet management fka autofleet pacific
3062,d04f12cec9bab1c95a2ca026ba67ce7b,,2024-01-23 04:17:15,164867_Car Times Automobile Pte Ltd,Misc,recurring,7583.8,40.535411,140.3003, car times automobile  ,"['car', 'times', 'automobile']",car times automobile
3104,2c50be81fde2dc27bf4893f061dc59e6,,2024-02-08 15:00:41,148157_ClearHorizon Pte Ltd,Misc,recurring,22751.4,-68.6864766,511.9065, clearhorizon  ,['clearhorizon'],clearhorizon
3112,da6bdd36ab48b4106c1ba23a6503d9aa,,2024-05-15 04:02:46,52606_X-TREME AUTO PTE LTD,Misc,recurring,947.975,11.9672364,24.64735, xtreme auto  ,"['xtreme', 'auto']",xtreme auto
3122,dcfa10490fafd6dea24a9b4bfc187ba8,,2024-10-08 10:06:20,247568_Two Hands Pte Ltd,Misc,recurring,1161.83816,6.218716,21.4924892, two hands  ,"['two', 'hands']",two hands
3144,39a8d74cde4839dc132c9dad38c5956c,,2024-07-18 13:51:29,223780_PERFECT COOL AIR-COND SERVICES,Misc,recurring,4550.28,58.4255952,118.30728, perfect cool aircond services,"['perfect', 'cool', 'aircond', 'services']",perfect cool aircond services
3145,85ad56241ae2f103f02649b029c8ddfc,,2024-08-05 15:03:29,202407_My-Insurer Private Limited,Misc,recurring,1137.57,6.0897914,21.045045, myinsurer  ,['myinsurer'],myinsurer
3147,d2f3d82b8ac07e7aaf7817fe97399bc3,,2024-10-03 04:11:05,233697_MINISTRY OF BLIND,Misc,recurring,1198.543752,6.4234786,22.1750312, ministry of blind,"['ministry', 'blind']",ministry blind
3154,acb67d1bb75229deb9a146e2c4c0783b,,2024-01-19 15:00:11,138384_Mercedes-Benz Fleet Management Singapore Pte Ltd,Misc,recurring,2051.4482352,10.8675854,37.9493352, mercedesbenz fleet management   ,"['mercedesbenz', 'fleet', 'management']",mercedesbenz fleet management
3160,0ac695f1558f7e4041c5f474ef2a7fa7,,2024-07-29 04:01:26,78590_Kinto Singapore Pte Ltd,Misc,recurring,2056.6658896,26.3309536,53.4733738, kinto   ,['kinto'],kinto
3188,eab90fb9f1f039829aaa903b1825fac6,,2024-02-27 15:00:41,76308_VINCAR LEASING AND RENTAL PTE LTD,Misc,recurring,3265.20509,17.3744858,60.404967, vincar leasing and rental  ,"['vincar', 'leasing', 'rental']",vincar leasing rental
3210,41772cea6e9b500b557e59d56189f2d0,,2024-06-26 04:28:43,202558_Maplebear Learning Ladder Pte Ltd,Misc,recurring,1236.1594,5.9987858,22.8727408, maplebear learning ladder  ,"['maplebear', 'learning', 'ladder']",maplebear learning ladder
3221,55422bb0eb6aecb9f654878e89c56868,,2024-02-13 04:03:02,131934_STANDARD CHARTERED BANK (SINGAPORE) LIMITED,Misc,recurring,1875.8756814,6.218716,30.9494878, standard chartered bank  ,"['standard', 'chartered', 'bank']",standard chartered bank
3259,a78acb717c39ad892c36ec3123488572,,2024-04-15 04:01:04,131934_STANDARD CHARTERED BANK (SINGAPORE) LIMITED,Misc,recurring,1875.8756814,6.218716,30.9494878, standard chartered bank  ,"['standard', 'chartered', 'bank']",standard chartered bank
3278,2b3e9273b0cf3cc3866047734c585fce,,2024-05-27 04:10:23,201058_RED ALPHA CYBERSECURITY PTE. LTD,Misc,recurring,2275.14,12.0658258,42.09009, red alpha cybersecurity  ,"['red', 'alpha', 'cybersecurity']",red alpha cybersecurity
3306,2db76f144701e571b22a0615060d27de,,2024-06-26 15:03:32,137852_SIPM CONSULTANTS PTE. LTD.,Misc,recurring,5071.7648394,15.0614268,81.14666, sipm consultants  ,"['sipm', 'consultants']",sipm consultants
3311,b2cad8c17869e6b7fcf16d7551527a92,,2024-04-09 04:03:57,22507_MOVA Automotive Pte Ltd,Misc,recurring,2066.5855,10.9510072,38.2299358, mova automotive  ,"['mova', 'automotive']",mova automotive
3340,9fdfe0ea5db72d528a41f0fccc6767cc,,2024-10-01 04:25:51,226991_NASAR VENTURES,Misc,recurring,2654.33,14.371301,49.105105, nasar ventures,"['nasar', 'ventures']",nasar ventures
3342,c4dfd2bf23d39a44d03a78fa87e20a7b,,2024-09-30 15:00:54,236651_SG International Solutions Pte. Ltd.,Misc,recurring,4739.875,23.4263582,85.31775, sg international solutions  ,"['sg', 'international', 'solutions']",sg international solutions
3397,8798295ed3df395751ddedef7831434a,,2024-07-19 04:39:29,116779_Yu Yi Optic LLP,Misc,recurring,5687.85,30.941904,105.225225, yu yi optic ,"['yu', 'yi', 'optic']",yu yi optic
3413,908823ce829050534d103b5ebfebcc8f,,2024-07-12 15:01:03,116779_Yu Yi Optic LLP,Misc,recurring,5687.85,30.9570716,105.225225, yu yi optic ,"['yu', 'yi', 'optic']",yu yi optic
3424,be3d286f9506d6d4e81a6899cf57d0c6,,2024-04-25 04:01:35,57205_ST AUTO PTE LTD,Misc,recurring,1962.68744,24.9279506,51.0313902, st auto  ,"['st', 'auto']",st auto
3428,74ca366a3ebf053049e91c34683a823b,,2024-08-28 15:00:52,178232_YID DESIGN & BUILD PRIVATE LIMITED,Misc,recurring,11129.2265,60.6704,205.8925862, yid design  build  ,"['yid', 'design', 'build']",yid design build
3429,07a1482a18c4c45429ba020827583b0a,,2023-12-01 04:03:11,137852_SIPM CONSULTANTS PTE. LTD.,Misc,recurring,5025.9890226,14.4168038,80.4186152, sipm consultants  ,"['sipm', 'consultants']",sipm consultants
3434,2e6db97edeacc31f5e2c3bf01332c951,,2024-04-25 04:02:25,78590_Kinto Singapore Pte Ltd,Misc,recurring,2056.6658896,26.126191,53.4733738, kinto   ,['kinto'],kinto
3457,676f52994da39f7f3a256e77301e1086,,2024-07-24 10:01:41,225534_ERA Realty Network Pte Ltd,Misc,recurring,4240.5272728,23.0320006,78.4468272, era realty network  ,"['era', 'realty', 'network']",era realty network
3522,bc75d1d4cb3ee2ed530ea5dcfbb4daf5,,2024-08-22 10:00:43,116779_Yu Yi Optic LLP,Misc,recurring,1489.45832,8.0084928,27.5519454, yu yi optic ,"['yu', 'yi', 'optic']",yu yi optic
3546,b021ee69b798a59ad9caebae042cb24d,,2024-07-04 04:04:57,212911_NTUC Health Co-operative Ltd,Misc,recurring,1065.7438302,5.6954338,19.71788, ntuc health cooperative ,"['ntuc', 'health', 'cooperative']",ntuc health cooperative
3547,a6744001b0dac6b71d0008bb0bb829fa,,2024-10-18 07:02:19,211976_Nifty Auto Service Pte Ltd,Misc,recurring,1399.4917006,7.2501128,25.8910932, nifty auto service  ,"['nifty', 'auto', 'service']",nifty auto service
3558,aa6559a231205d9575f684a73bb80db9,,2023-10-10 04:16:19,143177_COOL-AIR CONTROL PTE. LTD.,Misc,recurring,2843.925,24.6549338,62.56635, coolair control  ,"['coolair', 'control']",coolair control
3595,62ed0bee59926400464fb3b13d01d0d5,,2024-07-09 04:24:26,181068_SG EVENT RENTAL SERVICES PTE LTD,Misc,recurring,4474.442,24.3136628,82.777177, sg event rental services  ,"['sg', 'event', 'rental', 'services']",sg event rental services
3613,2a98c25ee5fedd87dfb73e6e17e057da,,2024-08-28 15:01:16,235940_FLIPSTONE INTERIOR DESIGN PRIVATE LIMITED,Misc,recurring,5575.078894,30.3276162,103.13968, flipstone interior design  ,"['flipstone', 'interior', 'design']",flipstone interior design
3629,7f8cccb27d2546a6470032bcf0917772,,2024-06-05 04:06:44,196751_Gem Floriculture Pte Ltd,Misc,recurring,1321.173798,3.8753218,34.3470302, gem floriculture  ,"['gem', 'floriculture']",gem floriculture
3659,1d228e33e4bc4397cc66aa4f72503f48,,2024-06-11 04:05:57,22507_MOVA Automotive Pte Ltd,Misc,recurring,2066.5855,11.1557698,38.2299358, mova automotive  ,"['mova', 'automotive']",mova automotive
3668,32aa7c28710945c9c9c668dc13aadade,,2024-04-01 10:00:43,180485_ITA CONSULTANCY & SOLUTIONS PTE. LTD.,Misc,recurring,1569.8466,8.2890934,29.045954, ita consultancy  solutions  ,"['ita', 'consultancy', 'solutions']",ita consultancy solutions
3719,6c2dab3f8fc9021f36e0e1c91488a53d,,2024-10-10 04:08:20,173963_HOCK CHUAN HENG CAR RENTAL & TRADING,Misc,recurring,910.056,4.8460482,16.836036, hock chuan heng car rental  trading,"['hock', 'chuan', 'heng', 'car', 'rental', 'trading']",hock chuan heng car rental trading
3723,950c9e03017ab124565319ea18b36e7f,,2023-10-17 04:04:52,94027_MERCEDES-BENZ FLEET MANAGEMENT SINGAPORE PTE. LTD. f.k.a DAIMLER FLEET MANAGEMENT SINGAPORE PTE. LTD. f.k.a AUTOFLEET PACIFIC PTE. LTD.,Misc,recurring,2460.981019,11.603214,44.2969758, mercedesbenz fleet management    fka daimler fleet management    fka autofleet pacific  ,"['mercedesbenz', 'fleet', 'management', 'fka', 'daimler', 'fleet', 'management', 'fka', 'autofleet', 'pacific']",mercedesbenz fleet management fka daimler fleet management fka autofleet pacific
3741,1656a37d5635c4a2f7d2e59c09eb3b73,,2023-10-11 10:00:15,133366_Life Mastery Coaching Singapore LLP,Misc,recurring,1592.598,8.2435906,29.463063, life mastery coaching  ,"['life', 'mastery', 'coaching']",life mastery coaching
3755,2e84a8a55b16195578f81f1888137455,,2024-08-13 04:01:40,131934_STANDARD CHARTERED BANK (SINGAPORE) LIMITED,Misc,recurring,1875.8756814,6.4158948,30.9494878, standard chartered bank  ,"['standard', 'chartered', 'bank']",standard chartered bank
3760,3d3675248ae132e79c48097c26b741d1,,2024-10-10 07:02:22,248562_ORANGETEE AND TIE PTE LTD,Misc,recurring,950.62933,5.0659784,17.5868322, orangetee and tie  ,"['orangetee', 'tie']",orangetee tie
3812,bf5bd38d83f3a24783df9b1572ab9993,,2024-05-29 15:00:51,202417_Propnex Realty Pte Ltd,Misc,recurring,1570.60498,8.2890934,29.0535378, propnex realty  ,"['propnex', 'realty']",propnex realty
3839,0492053a8cf9031a7ee73964015b19f0,,2023-12-05 10:00:48,123893_Aveo Pte Ltd,Misc,recurring,2843.925,15.1220972,52.6164044, aveo  ,['aveo'],aveo
3861,460de1ff92a76aa2f26868caed577bd2,,2024-06-20 04:02:48,142076_CREV Consultancy Pte Ltd,Misc,recurring,2123.464,27.1955068,55.210064, crev consultancy  ,"['crev', 'consultancy']",crev consultancy
3945,aaeb9b78e263877a65cdbf468d62f7bb,,2024-03-28 10:00:28,181915_SG LivingHub Engineering Pte. Ltd.,Misc,recurring,2436.978292,12.9379628,45.085691, sg livinghub engineering  ,"['sg', 'livinghub', 'engineering']",sg livinghub engineering
3952,f3e36e1c2f190b0cc968214c14bf56a4,,2024-10-17 04:11:04,232675_GYMWITHJONES PTE. LTD,Misc,recurring,1911.1176,9.934778,35.3556756, gymwithjones  ,['gymwithjones'],gymwithjones
3966,73ad752509fdad45f566f035e7533166,,2024-03-26 00:55:28,17463_Ibraco Bhd,Misc,recurring,10890.3368,91.94057940032,174.2453888, ibraco ,['ibraco'],ibraco
3969,28438950d58b4041947ed805c49ef673,,2024-02-27 04:00:55,63405_Seah Yoke Leng Janice,Misc,recurring,2275.89838,28.9246132,59.1763914, seah yoke leng janice,"['seah', 'yoke', 'leng', 'janice']",seah yoke leng janice
3975,52bd1c413d66a6b9777b5fe24028ea4e,,2024-01-23 04:02:22,61507_CL LEASING PTE. LTD.,Misc,recurring,1335.052152,16.911874,34.7110526, cl leasing  ,"['cl', 'leasing']",cl leasing
3987,98b47e5c15c3a9a88b8f53e3f8655795,,2024-08-23 04:07:10,202407_My-Insurer Private Limited,Misc,recurring,1137.57,6.0822076,21.045045, myinsurer  ,['myinsurer'],myinsurer
4012,a55be31ff937a3eab602c51ad8d9ec7f,,2024-09-17 05:01:45,94027_MERCEDES-BENZ FLEET MANAGEMENT SINGAPORE PTE. LTD. f.k.a DAIMLER FLEET MANAGEMENT SINGAPORE PTE. LTD. f.k.a AUTOFLEET PACIFIC PTE. LTD.,Misc,recurring,2483.7627542,7.3107832,39.739112, mercedesbenz fleet management    fka daimler fleet management    fka autofleet pacific  ,"['mercedesbenz', 'fleet', 'management', 'fka', 'daimler', 'fleet', 'management', 'fka', 'autofleet', 'pacific']",mercedesbenz fleet management fka daimler fleet management fka autofleet pacific
4063,db55ec88634887d3784640223d86b9de,,2024-09-10 04:12:53,173963_HOCK CHUAN HENG CAR RENTAL & TRADING,Misc,recurring,910.056,4.8460482,16.836036, hock chuan heng car rental  trading,"['hock', 'chuan', 'heng', 'car', 'rental', 'trading']",hock chuan heng car rental trading
4116,1befd4c6cbb5c85aa29f2453180db64c,,2023-12-26 15:02:28,159149_PROPFUNNELS PTE. LIMITED,Misc,recurring,7780.9788,41.597143,143.9481078, propfunnels  ,['propfunnels'],propfunnels
4129,b1af281aa04a5525da1e19790bd385a4,,2023-10-17 04:16:05,140421_JSPHERE AUTO SERVICES PTE. LTD.,Misc,recurring,1403.003,7.2501128,25.9593474, jsphere auto services  ,"['jsphere', 'auto', 'services']",jsphere auto services
4133,723b5f66687e8dd413b6ae19a308f367,,2023-11-28 04:02:37,63405_Seah Yoke Leng Janice,Misc,recurring,2275.89838,28.9246132,59.1763914, seah yoke leng janice,"['seah', 'yoke', 'leng', 'janice']",seah yoke leng janice
4142,570bf209a262eb01da584febb06e3efe,,2024-01-02 04:04:41,131934_STANDARD CHARTERED BANK (SINGAPORE) LIMITED,Misc,recurring,1875.8756814,6.218716,30.9494878, standard chartered bank  ,"['standard', 'chartered', 'bank']",standard chartered bank
4143,2180bbaeca04e1d35a7a4b43fef0156b,,2024-05-20 07:01:05,201058_RED ALPHA CYBERSECURITY PTE. LTD,Misc,recurring,7583.8,40.535411,140.3003, red alpha cybersecurity  ,"['red', 'alpha', 'cybersecurity']",red alpha cybersecurity
4172,dfff70fcb3dbce093bc64eb152ad7405,,2024-07-10 04:09:40,173963_HOCK CHUAN HENG CAR RENTAL & TRADING,Misc,recurring,910.056,4.8460482,16.836036, hock chuan heng car rental  trading,"['hock', 'chuan', 'heng', 'car', 'rental', 'trading']",hock chuan heng car rental trading
4176,6a5ff541e5953ac37bc45a8ffbcf7fa0,,2024-04-16 04:09:42,94027_MERCEDES-BENZ FLEET MANAGEMENT SINGAPORE PTE. LTD. f.k.a DAIMLER FLEET MANAGEMENT SINGAPORE PTE. LTD. f.k.a AUTOFLEET PACIFIC PTE. LTD.,Misc,recurring,2483.7627542,11.9596526,44.706501, mercedesbenz fleet management    fka daimler fleet management    fka autofleet pacific  ,"['mercedesbenz', 'fleet', 'management', 'fka', 'daimler', 'fleet', 'management', 'fka', 'autofleet', 'pacific']",mercedesbenz fleet management fka daimler fleet management fka autofleet pacific
4212,1d95c566b3a1b43527fb67d82664eb4a,,2024-09-18 04:02:07,74094_Mercedes-Benz Fleet Management Singapore Pte Ltd,Misc,recurring,2688.495019,34.4607872,69.8998846, mercedesbenz fleet management   ,"['mercedesbenz', 'fleet', 'management']",mercedesbenz fleet management
4215,6fbd840695746bc94273178b7c1eb3b9,,2024-03-26 16:17:49,17463_Ibraco Bhd,Misc,recurring,10890.3368,91.94493553504,174.2453888, ibraco ,['ibraco'],ibraco
4246,d1a76910cdc44ddc46f493a37741b649,,2024-07-05 10:00:57,201058_RED ALPHA CYBERSECURITY PTE. LTD,Misc,recurring,3033.52,16.4416784,56.12012, red alpha cybersecurity  ,"['red', 'alpha', 'cybersecurity']",red alpha cybersecurity
4249,620b0db4561bd56fdb322cf515f4e465,,2024-08-27 15:03:59,235520_Virtus Fertility Centre Singapore Pte Ltd,Misc,recurring,1322.61472,7.090853,24.4653388, virtus fertility centre   ,"['virtus', 'fertility', 'centre']",virtus fertility centre
4281,683449f5b9907b61ac85323dc318cfdb,,2024-02-27 04:01:01,57205_ST AUTO PTE LTD,Misc,recurring,1962.68744,24.9279506,51.0313902, st auto  ,"['st', 'auto']",st auto
4284,dbab1b7f0e83a6a53980d7753217b222,,2024-09-27 04:07:18,75008_National Car Rentals (Pte) Ltd ,Misc,recurring,1487.94156,8.000909,27.529194, national car rentals   ,"['national', 'car', 'rentals']",national car rentals
4294,1bc3fab06bf2ed70abe11b4317bb8d96,,2024-10-14 10:01:06,248271_ GREEN EMPLOYMENT PTE. LTD.,Misc,recurring,1137.57,5.8698612,21.045045,  green employment  ,"['green', 'employment']",green employment
4321,3f2e079f23901bae8d1e088cb2597f04,,2024-05-23 15:00:59,202407_My-Insurer Private Limited,Misc,recurring,1137.57,5.9684506,21.045045, myinsurer  ,['myinsurer'],myinsurer
4328,2ccb7f8516cb5eda2553564eb6ef3042,,2024-07-15 04:00:56,131934_STANDARD CHARTERED BANK (SINGAPORE) LIMITED,Misc,recurring,1875.8756814,6.4158948,30.9494878, standard chartered bank  ,"['standard', 'chartered', 'bank']",standard chartered bank
4332,06881c8979bd845ec029564c9ca46224,,2023-12-19 04:20:05,74094_Mercedes-Benz Fleet Management Singapore Pte Ltd,Misc,recurring,2663.8325014,14.1513708,49.2795324, mercedesbenz fleet management   ,"['mercedesbenz', 'fleet', 'management']",mercedesbenz fleet management
4343,4a163db222a5fffcc6f33479c2407005,,2024-06-05 17:33:42,154395_MAPLEBEAR PLAYWORKS @ CBP PTE. LTD.,Misc,recurring,1243.894876,6.6661602,23.0092492, maplebear playworks  cbp  ,"['maplebear', 'playworks', 'cbp']",maplebear playworks cbp
4362,4b169e68d339b40fab148cd704cc17ca,,2023-11-06 04:01:18,111887_Shaws CDLC @ Mountbatten Pte. Ltd.,Misc,recurring,1611.5575,20.438341,41.900495, shaws cdlc  mountbatten  ,"['shaws', 'cdlc', 'mountbatten']",shaws cdlc mountbatten
4367,dddaf0740edf009effdb5f38769e9831,,2024-09-09 10:12:03,236651_SG International Solutions Pte. Ltd.,Misc,recurring,4739.875,23.4263582,85.31775, sg international solutions  ,"['sg', 'international', 'solutions']",sg international solutions
4373,6d31a90dee2404ed17c11824c1724a05,,2023-10-20 04:18:04,22507_MOVA Automotive Pte Ltd,Misc,recurring,2047.626,10.6400714,37.881081, mova automotive  ,"['mova', 'automotive']",mova automotive
4405,92bc584b8d18cba5847b421ceeb0483b,,2023-12-27 04:00:21,63405_Seah Yoke Leng Janice,Misc,recurring,2275.89838,28.9246132,59.1763914, seah yoke leng janice,"['seah', 'yoke', 'leng', 'janice']",seah yoke leng janice
4416,effa16bc7b9aa8c7704edb27656d1e06,,2024-06-06 15:51:04,136974_TRIPLE 3 NINE CONSULTING,Misc,recurring,7583.8,41.3089586,140.3003, triple  nine consulting,"['triple', 'nine', 'consulting']",triple nine consulting
4421,af09518c4a061904c99919170e43db63,,2024-05-17 04:13:48,198001_READ Architecture,Misc,recurring,5545.65375,29.5995714,102.5936464, read architecture,"['read', 'architecture']",read architecture
4453,3ffd4f4a6bfd1824f94a88e63838fdf0,,2024-08-06 07:00:08,76308_VINCAR LEASING AND RENTAL PTE LTD,Misc,recurring,3265.58428,17.708173,60.4125508, vincar leasing and rental  ,"['vincar', 'leasing', 'rental']",vincar leasing rental
4455,e6027b012846053ef6e334343d99210c,,2024-08-19 04:01:45,47912_The American Club ,Misc,recurring,1137.57,3.2762016,18.20112, the american club ,"['american', 'club']",american club
4464,49916d63ec6a551ff566c36c92450b80,,2023-11-21 04:25:57,142076_CREV Consultancy Pte Ltd,Misc,recurring,2123.464,26.9755766,55.210064, crev consultancy  ,"['crev', 'consultancy']",crev consultancy
4475,3f770e59d276f35b4f4f50d7c63c9cb7,,2023-12-22 04:02:35,47912_The American Club ,Misc,recurring,1137.57,3.1624446,18.20112, the american club ,"['american', 'club']",american club
4479,f91cb01af9fbe72c60da27c9e817c889,,2024-03-20 04:10:13,142076_CREV Consultancy Pte Ltd,Misc,recurring,2123.464,26.9755766,55.210064, crev consultancy  ,"['crev', 'consultancy']",crev consultancy
4485,694acfc44beab4fa753e61d0ceb81223,,2024-08-01 15:00:54,223764_Nomads Design Studio,Misc,recurring,7583.8,41.3241262,140.3003, nomads design studio,"['nomads', 'design', 'studio']",nomads design studio
4506,1ac45be48a4c8868b55ed4589a16dd96,,2024-10-07 04:04:51,196751_Gem Floriculture Pte Ltd,Misc,recurring,1321.173798,3.7312296,34.3470302, gem floriculture  ,"['gem', 'floriculture']",gem floriculture
4520,0d06fed8f427ebe55522f0c41df91513,,2024-07-01 07:00:43,213615_Thong Teck Home For Senior Citizens,Misc,recurring,2047.626,11.0571804,37.881081, thong teck home for senior citizens,"['thong', 'teck', 'home', 'senior', 'citizens']",thong teck home senior citizens
4521,57a2f1d3bf1289a47803819373e7edeb,,2023-11-23 04:02:57,47912_The American Club ,Misc,recurring,1137.57,3.1624446,18.20112, the american club ,"['american', 'club']",american club
4575,7162a2507c4ac955e9fb254389a4b13c,,2024-08-20 15:02:35,233697_MINISTRY OF BLIND,Misc,recurring,1198.543752,6.4234786,22.1750312, ministry of blind,"['ministry', 'blind']",ministry blind
4589,8491ba17acf22ba1cb5c5653939a6a2c,,2024-08-28 15:12:34,82992_O2 Digital,Misc,recurring,15167.6,82.7544256,280.6006, o digital,['digital'],digital
4616,6db59c1d0cc1a6c4509738a7e9cecf32,,2024-10-09 07:01:22,247044_Ferndale pet travel pte ltd,Misc,recurring,4416.80512,24.002727,81.7078612, ferndale pet travel  ,"['ferndale', 'pet', 'travel']",ferndale pet travel
4621,787b754079a5197177d7ebd694d1763b,,2024-06-26 04:03:33,78590_Kinto Singapore Pte Ltd,Misc,recurring,2056.6658896,26.3309536,53.4733738, kinto   ,['kinto'],kinto
4645,d0528e097b38016b65c3f2b2e9a28a2a,,2023-12-11 04:03:26,142327_CHEONG TAILOR,Misc,recurring,1516.76,7.2576966,27.30168, cheong tailor,"['cheong', 'tailor']",cheong tailor
4650,a9f71f2b38ad4bff740a5707a85213d2,,2023-11-14 04:09:44,147412_Star Performance Motor Pte Ltd,Misc,recurring,7583.8,40.535411,140.3003, star performance motor  ,"['star', 'performance', 'motor']",star performance motor
4657,7a4f43efdbf8a7b56549d5ca1002f62f,,2024-07-23 10:01:16,116779_Yu Yi Optic LLP,Misc,recurring,1489.45832,8.0084928,27.5519454, yu yi optic ,"['yu', 'yi', 'optic']",yu yi optic
4720,d3ddf62f3c948dfb1bfca3f359d6cc83,,2024-08-28 15:01:04,75008_National Car Rentals (Pte) Ltd ,Misc,recurring,1487.94156,8.000909,27.529194, national car rentals   ,"['national', 'car', 'rentals']",national car rentals
4727,a12438823e157cd47842590c6efcbdc0,,2024-07-18 04:10:43,224055_POWER SOLUTION SERVICES PTE. LTD.,Misc,recurring,2953.6474184,16.001818,54.641279, power solution services  ,"['power', 'solution', 'services']",power solution services
4740,05d46eb42dac398a5730a992b50a8369,,2024-05-20 04:03:09,142076_CREV Consultancy Pte Ltd,Misc,recurring,2123.464,26.9755766,55.210064, crev consultancy  ,"['crev', 'consultancy']",crev consultancy
4746,9c3b00c75ee49b665a98c1bf02cf9db3,,2024-08-27 04:01:53,78590_Kinto Singapore Pte Ltd,Misc,recurring,2056.6658896,26.3309536,53.4733738, kinto   ,['kinto'],kinto
4784,cbc1327f44acfe6f04f3ba3a73fc3b25,,2024-08-16 10:00:21,201058_RED ALPHA CYBERSECURITY PTE. LTD,Misc,recurring,3033.52,16.4416784,56.12012, red alpha cybersecurity  ,"['red', 'alpha', 'cybersecurity']",red alpha cybersecurity
4792,dfa74621d73951d04f6cea71af2d0a5b,,2024-06-12 04:00:43,131934_STANDARD CHARTERED BANK (SINGAPORE) LIMITED,Misc,recurring,1875.8756814,6.4158948,30.9494878, standard chartered bank  ,"['standard', 'chartered', 'bank']",standard chartered bank
4859,3ac09056cf3dd777abcbf6b406dca8b5,,2024-01-22 10:00:42,117849_The Wedding Stylist Pte Ltd,Misc,recurring,1122.4024,5.8850288,20.7644444, the wedding stylist  ,"['wedding', 'stylist']",wedding stylist
4867,9bb0d0ca75198c36d30f21115421f083,,2024-06-04 10:13:15,116779_Yu Yi Optic LLP,Misc,recurring,7583.8,41.3165424,140.3003, yu yi optic ,"['yu', 'yi', 'optic']",yu yi optic
4889,907cf33a6d6ef38e56e033f274b803e1,,2023-10-27 04:02:03,78590_Kinto Singapore Pte Ltd,Misc,recurring,2037.7973952,25.671163,52.9804268, kinto   ,['kinto'],kinto
4902,c7ea91bc407aaaf6dd4a3c48b53196dd,,2023-10-09 04:01:16,93509_HONG LEONG FINANCE LIMITED f.k.a HONG LEONG SINGAPORE FINANCE LIMITED f.k.a SINGAPORE FINANCE LIMITED,Misc,recurring,1625.96672,8.418018,30.0773508, hong leong finance  fka hong leong  finance  fka  finance ,"['hong', 'leong', 'finance', 'fka', 'hong', 'leong', 'finance', 'fka', 'finance']",hong leong finance fka hong leong finance fka finance
4905,5d7bbd783d81799bdc7d0a24b95927e5,,2024-09-26 15:02:08,133366_Life Mastery Coaching Singapore LLP,Misc,recurring,1592.598,8.569694,29.463063, life mastery coaching  ,"['life', 'mastery', 'coaching']",life mastery coaching
4924,20f4f3cc8be9e04418f39b38ff8e07ec,,2024-05-16 15:00:51,138384_Mercedes-Benz Fleet Management Singapore Pte Ltd,Misc,recurring,7451.2882626,39.8377014,137.8507326, mercedesbenz fleet management   ,"['mercedesbenz', 'fleet', 'management']",mercedesbenz fleet management
4939,5974f6801c83b28802a1a8a1e3535718,,2023-12-26 04:01:16,57205_ST AUTO PTE LTD,Misc,recurring,1962.68744,24.9279506,51.0313902, st auto  ,"['st', 'auto']",st auto
4945,e451f8afa5fdb296dba0a6e40fc9cd07,,2024-09-05 04:04:35,196751_Gem Floriculture Pte Ltd,Misc,recurring,1321.173798,3.602305,34.3470302, gem floriculture  ,"['gem', 'floriculture']",gem floriculture
4991,4f0e7467dffa74dd61e119bf3c9811d4,,2023-12-26 04:27:03,152442_CL LEASING PTE LTD,Misc,recurring,1515.24324,7.9933252,28.0297248, cl leasing  ,"['cl', 'leasing']",cl leasing
4996,a4d8400f61564842e78aa7446bba2b75,,2024-08-07 14:39:11,227868_Singapore Life Ltd,Misc,recurring,15167.6,82.739258,280.6006,  life ,['life'],life
5003,54573f422ace845816ac2034af509bd5,,2024-09-27 04:01:04,63405_Seah Yoke Leng Janice,Misc,recurring,2275.89838,29.159711,59.1763914, seah yoke leng janice,"['seah', 'yoke', 'leng', 'janice']",seah yoke leng janice
5036,6897d57ba5890b36c3a0c4e7355eece8,,2024-07-17 15:01:29,207782_Bliss Helper Pte Ltd,Misc,recurring,2806.006,15.1979352,51.911111, bliss helper  ,"['bliss', 'helper']",bliss helper
5046,a86566b1261b93d31a34675d79e164a0,,2024-06-26 04:28:06,201058_RED ALPHA CYBERSECURITY PTE. LTD,Misc,recurring,3033.52,16.4416784,56.12012, red alpha cybersecurity  ,"['red', 'alpha', 'cybersecurity']",red alpha cybersecurity
5048,c92b9431ded3de51ea091222b002d6e3,,2024-02-01 04:01:13,137852_SIPM CONSULTANTS PTE. LTD.,Misc,recurring,5071.7648394,14.5457284,81.14666, sipm consultants  ,"['sipm', 'consultants']",sipm consultants
5069,2edd4b0549f37f7f09db1913c69740dd,,2024-01-30 04:00:35,63405_Seah Yoke Leng Janice,Misc,recurring,2275.89838,28.9246132,59.1763914, seah yoke leng janice,"['seah', 'yoke', 'leng', 'janice']",seah yoke leng janice
5089,235fb30654c03af09e2a1c81f3e5eeba,,2024-01-02 04:05:44,137852_SIPM CONSULTANTS PTE. LTD.,Misc,recurring,5025.9890226,14.4168038,80.4186152, sipm consultants  ,"['sipm', 'consultants']",sipm consultants
5093,0258ff4f76524e825cc079fb69a8ffde,,2024-05-28 04:01:56,78590_Kinto Singapore Pte Ltd,Misc,recurring,2056.6658896,26.126191,53.4733738, kinto   ,['kinto'],kinto
5113,8fc40ba29365e9b7f4c82e767176779a,,2024-06-18 10:00:22,138384_Mercedes-Benz Fleet Management Singapore Pte Ltd,Misc,recurring,7451.2882626,40.5809138,137.8507326, mercedesbenz fleet management   ,"['mercedesbenz', 'fleet', 'management']",mercedesbenz fleet management
5119,abaa9ed335192bf47d61749fdff69e9c,,2024-10-14 07:00:45,220212_High Speed Credit Pte Ltd,Misc,recurring,1137.57,-0.6901258,25.595325, high speed credit  ,"['high', 'speed', 'credit']",high speed credit
5132,04421f251decdcb314d4017bd24a9b92,,2024-04-22 04:01:52,142076_CREV Consultancy Pte Ltd,Misc,recurring,2123.464,26.9755766,55.210064, crev consultancy  ,"['crev', 'consultancy']",crev consultancy
5145,3319636609590f50fe98d83a77c03c2f,,2024-03-13 04:01:05,131934_STANDARD CHARTERED BANK (SINGAPORE) LIMITED,Misc,recurring,1875.8756814,6.218716,30.9494878, standard chartered bank  ,"['standard', 'chartered', 'bank']",standard chartered bank
5165,fdd94390b1fa8fb894701dc6ab7118dd,,2024-07-08 10:02:00,220495_Season Bus Services Co Pte Ltd,Misc,recurring,1446.4505902,7.7658112,26.7556464, season bus services co  ,"['season', 'bus', 'services', 'co']",season bus services co
5184,d538072dd4cacff40628c9663af28f11,,2024-03-12 04:08:08,22507_MOVA Automotive Pte Ltd,Misc,recurring,2066.5855,10.9510072,38.2299358, mova automotive  ,"['mova', 'automotive']",mova automotive
5189,c11124325797a9df01231f0fa2d55d76,,2024-05-16 07:00:43,172561_ X LAB PRO PTE. LTD.,Misc,recurring,967.996232,5.0583946,17.9053518,  x lab pro  ,"['x', 'lab', 'pro']",x lab pro
5223,490351ce783bc4ba642d049b6c10cc96,,2024-09-26 04:01:22,78590_Kinto Singapore Pte Ltd,Misc,recurring,2056.6658896,26.3309536,53.4733738, kinto   ,['kinto'],kinto
5251,2a7f090cab48eb02697d24f2c7e01a2e,,2024-02-20 04:29:27,74094_Mercedes-Benz Fleet Management Singapore Pte Ltd,Misc,recurring,2688.495019,14.2802954,49.7345604, mercedesbenz fleet management   ,"['mercedesbenz', 'fleet', 'management']",mercedesbenz fleet management
5259,846a6ba17378a57239b6688172ce03b6,,2024-05-07 10:00:27,196751_Gem Floriculture Pte Ltd,Misc,recurring,1321.173798,3.7388134,34.3470302, gem floriculture  ,"['gem', 'floriculture']",gem floriculture
5261,2dc8ab9b5b3ff722f478730b346e3153,,2024-01-29 01:42:05,148157_ClearHorizon Pte Ltd,Misc,recurring,22751.4,-68.6864766,511.9065, clearhorizon  ,['clearhorizon'],clearhorizon
5265,0238448a6ae58d58a0e15a19b8ca4090,,2024-09-17 15:18:06,223780_PERFECT COOL AIR-COND SERVICES,Misc,recurring,4269.6794,26.732895,82.5724144, perfect cool aircond services,"['perfect', 'cool', 'aircond', 'services']",perfect cool aircond services
5266,8f824d0da1e69bf891e04f6656ffff85,,2024-08-20 04:03:03,142076_CREV Consultancy Pte Ltd,Misc,recurring,2123.464,5.9077802,55.210064, crev consultancy  ,"['crev', 'consultancy']",crev consultancy
5289,196155937e1b4202b4ff6b53fadedd0b,,2024-05-28 04:01:15,63405_Seah Yoke Leng Janice,Misc,recurring,2275.89838,28.9246132,59.1763914, seah yoke leng janice,"['seah', 'yoke', 'leng', 'janice']",seah yoke leng janice
5294,ae81c8da646104a97b3d2bcc2683a4bb,,2024-07-04 15:02:15,133366_Life Mastery Coaching Singapore LLP,Misc,recurring,1592.598,8.569694,29.463063, life mastery coaching  ,"['life', 'mastery', 'coaching']",life mastery coaching
5309,9945e3157d411f842296ce5f2405df92,,2024-01-29 04:17:24,117849_The Wedding Stylist Pte Ltd,Misc,recurring,1122.4024,5.8850288,20.7644444, the wedding stylist  ,"['wedding', 'stylist']",wedding stylist
5316,b7894a73fee15ce3dc2189b17cf41245,,2024-02-08 04:04:25,142327_CHEONG TAILOR,Misc,recurring,1516.76,7.2576966,27.30168, cheong tailor,"['cheong', 'tailor']",cheong tailor
5337,d6b83c5e4ba55155ac8203f0edf386f6,,2024-07-15 04:12:29,82992_O2 Digital,Misc,recurring,12815.86362,69.8998846,237.0923394, o digital,['digital'],digital
5339,59a71d83a0a8bfee1a7506a263cd0f26,,2023-11-28 04:04:59,78590_Kinto Singapore Pte Ltd,Misc,recurring,2037.7973952,25.8835094,52.9804268, kinto   ,['kinto'],kinto
5359,37fb82af6dc575beba3064fa5918968f,,2024-02-20 04:22:52,22507_MOVA Automotive Pte Ltd,Misc,recurring,2066.5855,10.9510072,38.2299358, mova automotive  ,"['mova', 'automotive']",mova automotive
5363,3eef221919693691c977e66cd77f107b,,2023-12-12 04:15:29,147662_SUN CITY MAINTENANCE PTE. LTD.,Misc,recurring,1322.766396,-0.0985894,29.7588312, sun city maintenance  ,"['sun', 'city', 'maintenance']",sun city maintenance
5364,55fffb6c46af239ed7473c0d965111d3,,2024-01-12 10:27:05,156834_Fitness International Federation Pte Ltd,Misc,recurring,4482.973775,33.975424,96.3825142, fitness international federation  ,"['fitness', 'international', 'federation']",fitness international federation
5375,84eeed44195083afd3ffa190c47d8ea4,,2024-02-21 01:24:04,148157_ClearHorizon Pte Ltd,Misc,recurring,22751.4,-68.6864766,511.9065, clearhorizon  ,['clearhorizon'],clearhorizon
5385,116f90b2ccd23f69d80b9b695f353b5b,,2024-07-04 12:27:04,216657_S.Shankar Cardio Thoracic & Vascular Surgical Clinic Pte Ltd. ,Misc,recurring,6901.258,47.7248534,137.9417382, sshankar cardio thoracic  vascular surgical clinic   ,"['sshankar', 'cardio', 'thoracic', 'vascular', 'surgical', 'clinic']",sshankar cardio thoracic vascular surgical clinic
5391,3831611ad2742797515b59fc0ec730cd,,2024-07-15 04:10:51,136974_TRIPLE 3 NINE CONSULTING,Misc,recurring,2230.39558,12.058242,41.2634558, triple  nine consulting,"['triple', 'nine', 'consulting']",triple nine consulting
5406,1acabd096c8343234fe6332b4768016c,,2023-11-02 15:00:53,148053_T&L Accountancy LLP,Misc,recurring,2275.14,12.0734096,42.09009, tl accountancy ,"['tl', 'accountancy']",tl accountancy
5421,26f8dab95381ca0455481b682cdeb911,,2024-09-27 15:00:48,244187_Mercedes-Benz Fleet Management Singapore Pte. Ltd,Misc,recurring,1478.841,7.9554062,27.3623504, mercedesbenz fleet management   ,"['mercedesbenz', 'fleet', 'management']",mercedesbenz fleet management
5430,fbd6aa4fcd9be9f5e3b7c1f4c758f024,,2023-12-26 04:02:25,78590_Kinto Singapore Pte Ltd,Misc,recurring,2037.7973952,25.8835094,52.9804268, kinto   ,['kinto'],kinto
5431,13e4a30f88fae64bdf1716edd370e3f7,,2023-10-30 04:00:18,63405_Seah Yoke Leng Janice,Misc,recurring,2275.89838,28.6895154,59.1763914, seah yoke leng janice,"['seah', 'yoke', 'leng', 'janice']",seah yoke leng janice
5439,36e9addeb7903e485b3202eb547bf3cb,,2024-07-03 17:59:35,117038_Sustainability Collective Pte Ltd,Misc,recurring,7204.61,39.246165,133.285285, sustainability collective  ,"['sustainability', 'collective']",sustainability collective
5440,d00e13ed6c47af641eabd5c1ef8b1be7,,2024-01-17 07:00:12,47912_The American Club ,Misc,recurring,1137.57,3.1624446,18.20112, the american club ,"['american', 'club']",american club
5466,537f2a8632c018bc223e62effe5635e1,,2023-11-07 07:00:27,147412_Star Performance Motor Pte Ltd,Misc,recurring,7583.8,40.5278272,140.3003, star performance motor  ,"['star', 'performance', 'motor']",star performance motor
5468,a6a183df986d8ef050943d7fb11d1f7d,,2024-04-01 10:00:27,52606_X-TREME AUTO PTE LTD,Misc,recurring,947.975,11.9748202,24.64735, xtreme auto  ,"['xtreme', 'auto']",xtreme auto
5504,0c0cfc3bcc51f142aa5e78332d2d30b3,,2024-08-27 15:01:05,210411_FLYWIRE (SINGAPORE) PTE. LTD.,Misc,recurring,1782.193,9.6086746,32.9743624, flywire   ,['flywire'],flywire
5524,915599f84d0077bcb4b27a9446a3234c,,2023-11-10 04:02:55,76308_VINCAR LEASING AND RENTAL PTE LTD,Misc,recurring,3235.24908,17.215226,59.8513496, vincar leasing and rental  ,"['vincar', 'leasing', 'rental']",vincar leasing rental
5529,019c13be429d3ab0347ac87b522cce47,,2023-11-28 04:02:51,57205_ST AUTO PTE LTD,Misc,recurring,1962.68744,24.9279506,51.0313902, st auto  ,"['st', 'auto']",st auto
5560,c9a7ddf9e49e29bf500aa3e021bacf9a,,2024-10-14 15:00:24,236651_SG International Solutions Pte. Ltd.,Misc,recurring,4739.875,22.4783832,85.31775, sg international solutions  ,"['sg', 'international', 'solutions']",sg international solutions
5565,9c5f9dc932b298de873e2257b71e5b60,,2024-10-07 11:57:08,236651_SG International Solutions Pte. Ltd.,Misc,recurring,4739.875,22.4783832,85.31775, sg international solutions  ,"['sg', 'international', 'solutions']",sg international solutions
5584,43ba7b7d7327d15a1fd604cd02190ff9,,2024-07-05 04:05:41,196751_Gem Floriculture Pte Ltd,Misc,recurring,1321.173798,3.602305,34.3470302, gem floriculture  ,"['gem', 'floriculture']",gem floriculture
5606,2bb41a046e815f517f52d6045c7e165a,,2024-04-18 04:02:20,74094_Mercedes-Benz Fleet Management Singapore Pte Ltd,Misc,recurring,2688.495019,34.1877704,69.8998846, mercedesbenz fleet management   ,"['mercedesbenz', 'fleet', 'management']",mercedesbenz fleet management
5610,ad5ddbbffd3b56197960f4d72d0609a4,,2024-03-26 04:01:31,78590_Kinto Singapore Pte Ltd,Misc,recurring,2056.6658896,26.126191,53.4733738, kinto   ,['kinto'],kinto
5622,79ca163d24fe3f49b1a3286d005b102a,,2024-08-19 15:00:28,223816_NATION COOL AIRCONDITIONING & ENGINEERING PTE. LTD. f.k.a WEIKEN AIR-CONDITIONING & ENGINEERING (S) PTE. LTD.,Misc,recurring,2654.33,14.3864686,49.105105, nation cool airconditioning  engineering   fka weiken airconditioning  engineering s  ,"['nation', 'cool', 'airconditioning', 'engineering', 'fka', 'weiken', 'airconditioning', 'engineering']",nation cool airconditioning engineering fka weiken airconditioning engineering
5644,52b682822b4ffb922486a62cf676ce48,,2024-06-27 11:15:07,216657_S.Shankar Cardio Thoracic & Vascular Surgical Clinic Pte Ltd. ,Misc,recurring,6901.258,37.5701452,127.673273, sshankar cardio thoracic  vascular surgical clinic   ,"['sshankar', 'cardio', 'thoracic', 'vascular', 'surgical', 'clinic']",sshankar cardio thoracic vascular surgical clinic
5664,42b16e46f87b0a4fff33a2dca0675f60,,2024-06-03 04:01:20,137852_SIPM CONSULTANTS PTE. LTD.,Misc,recurring,5071.7648394,15.0614268,81.14666, sipm consultants  ,"['sipm', 'consultants']",sipm consultants
5690,696b12a3165cdb4e148edab8795f5918,,2024-07-02 04:43:18,217175_Huttons Asia Pte Ltd,Misc,recurring,5373.1223,29.2203814,99.4008666, huttons asia  ,"['huttons', 'asia']",huttons asia
5701,b94badd9cade6cd3c13a9c50d5806c97,,2024-09-25 04:12:13,61507_CL LEASING PTE. LTD.,Misc,recurring,1347.413746,17.2076422,35.0295722, cl leasing  ,"['cl', 'leasing']",cl leasing
5737,2c53c2c78711f9cb6027fda888a3624f,,2023-12-14 09:21:07,76308_VINCAR LEASING AND RENTAL PTE LTD,Misc,recurring,3235.24908,17.2303936,59.8513496, vincar leasing and rental  ,"['vincar', 'leasing', 'rental']",vincar leasing rental
5744,15b6570203dd853bb0ba1b7e2f8b3e36,,2024-07-19 02:36:04,224417_Advent Law Corporation ,Misc,recurring,5767.062791,31.3741806,106.6888984, advent law corporation ,"['advent', 'law', 'corporation']",advent law corporation
5749,bf5497dc2e958daa3dc3b5ea0a677cf5,,2024-08-01 04:07:13,211983_FWD Singapore Pte. Ltd.,Misc,recurring,1516.76,8.1601688,28.06006, fwd   ,['fwd'],fwd
5772,bee850013e21fccf7ddcf92875b24122,,2024-07-25 04:12:38,190998_My-Insurer Private Limited,Misc,recurring,1137.57,6.0822076,21.045045, myinsurer  ,['myinsurer'],myinsurer
5773,d4c3aef1e66dde78b4a72add7fc9a394,,2024-10-08 10:06:03,229551_OPTIMA CARZ LEASING PTE. LTD. f.k.a OPTIMA CARZ PTE. LTD.,Misc,recurring,1405.27814,17.9508546,36.5387484, optima carz leasing   fka optima carz  ,"['optima', 'carz', 'leasing', 'fka', 'optima', 'carz']",optima carz leasing fka optima carz
5777,96c63b2a3ac1cf7a085b5cb0527ffd1a,,2024-07-25 15:00:44,61507_CL LEASING PTE. LTD.,Misc,recurring,1347.413746,17.2076422,35.0295722, cl leasing  ,"['cl', 'leasing']",cl leasing
5799,296fda1771132464257447d6b0a99320,,2024-06-17 16:00:23,209632_JUSEQUITY LAW CORPORATION,Misc,recurring,6376.07985,34.7034688,117.9584252, jusequity law corporation,"['jusequity', 'law', 'corporation']",jusequity law corporation
5801,88541a5a98c65e71e4fa91e3f9b03ead,,2023-10-10 04:17:25,142327_CHEONG TAILOR,Misc,recurring,1516.76,7.0984368,27.30168, cheong tailor,"['cheong', 'tailor']",cheong tailor
5828,00c182ff9caeb0fdaa045c4031e78a10,,2024-01-10 04:09:23,147662_SUN CITY MAINTENANCE PTE. LTD.,Misc,recurring,1322.766396,-1.1224024,24.4729226, sun city maintenance  ,"['sun', 'city', 'maintenance']",sun city maintenance
5840,a584cf9a36ceb255b23b34ff5f1e1597,,2024-10-01 04:21:41,223764_Nomads Design Studio,Misc,recurring,7583.8,41.3013748,140.3003, nomads design studio,"['nomads', 'design', 'studio']",nomads design studio
5856,cfc9964f859c8b880c429530c36fc3eb,,2024-09-09 02:15:07,76308_VINCAR LEASING AND RENTAL PTE LTD,Misc,recurring,3265.58428,17.708173,60.4125508, vincar leasing and rental  ,"['vincar', 'leasing', 'rental']",vincar leasing rental
5876,1b5059f4947aa0f53210982d945a47fd,,2023-12-06 04:03:05,138384_Mercedes-Benz Fleet Management Singapore Pte Ltd,Misc,recurring,2051.4482352,10.8675854,37.9493352, mercedesbenz fleet management   ,"['mercedesbenz', 'fleet', 'management']",mercedesbenz fleet management
5902,d9784d6bbb2d7e587f0bbbd4334862f2,,2024-01-23 04:17:18,164867_Car Times Automobile Pte Ltd,Misc,recurring,7583.8,50.9783036,150.879701, car times automobile  ,"['car', 'times', 'automobile']",car times automobile
5905,8a00d9519ae8dd1b46d38c8b220cf407,,2024-01-15 04:05:26,156159_The American Club ,Misc,recurring,1428.750001,7.5307134,26.429543, the american club ,"['american', 'club']",american club
5906,261eecf375c948ea20e4275c4bd4bd7a,,2024-09-04 04:42:04,235940_FLIPSTONE INTERIOR DESIGN PRIVATE LIMITED,Misc,recurring,5575.078894,30.3276162,103.13968, flipstone interior design  ,"['flipstone', 'interior', 'design']",flipstone interior design
5917,3706ad0e698a7a9767f519750fa98e72,,2024-06-11 04:18:40,173963_HOCK CHUAN HENG CAR RENTAL & TRADING,Misc,recurring,910.056,4.8384644,16.836036, hock chuan heng car rental  trading,"['hock', 'chuan', 'heng', 'car', 'rental', 'trading']",hock chuan heng car rental trading
5927,ae1ee0198d6d42e2325d053049e3b5e2,,2024-02-06 04:13:36,138384_Mercedes-Benz Fleet Management Singapore Pte Ltd,Misc,recurring,2051.4482352,26.0579368,53.3368654, mercedesbenz fleet management   ,"['mercedesbenz', 'fleet', 'management']",mercedesbenz fleet management
5931,6550e5816affa17ba1eef78c944e13be,,2024-01-22 04:14:12,142076_CREV Consultancy Pte Ltd,Misc,recurring,2123.464,26.9755766,55.210064, crev consultancy  ,"['crev', 'consultancy']",crev consultancy
5937,86180b85e8d2bec49cf0471526fd0c0f,,2024-03-31 16:00:24,76308_VINCAR LEASING AND RENTAL PTE LTD,Misc,recurring,3265.20509,17.3744858,60.404967, vincar leasing and rental  ,"['vincar', 'leasing', 'rental']",vincar leasing rental
5952,cc0547a9698cb06563b0543b1af6c214,,2024-07-02 15:02:49,211983_FWD Singapore Pte. Ltd.,Misc,recurring,1516.76,8.1601688,28.06006, fwd   ,['fwd'],fwd
5981,518dec0365a6d3f9fce69e4eac88961b,,2023-12-28 02:00:11,148157_ClearHorizon Pte Ltd,Misc,recurring,22751.4,-68.6864766,511.9065, clearhorizon  ,['clearhorizon'],clearhorizon
6061,dc8050d7b3ed0393d3618d5dbd580acd,,2024-10-15 04:16:02,201058_RED ALPHA CYBERSECURITY PTE. LTD,Misc,recurring,3033.52,15.8425582,56.12012, red alpha cybersecurity  ,"['red', 'alpha', 'cybersecurity']",red alpha cybersecurity
6075,35ef956fba78adcd04fab0a7672c9d76,,2023-10-31 15:01:30,147656_CYCLE & CARRIAGE LEASING PTE. LTD.,Misc,recurring,1895.95,-1.2285756,42.658875, cycle  carriage leasing  ,"['cycle', 'carriage', 'leasing']",cycle carriage leasing
6076,37e8406aef12f3a10f8e96da7be4aa63,,2024-07-10 04:03:06,22507_MOVA Automotive Pte Ltd,Misc,recurring,2066.5855,11.1557698,38.2299358, mova automotive  ,"['mova', 'automotive']",mova automotive
6080,fb3cb23e4330c50786d484f5074f24f8,,2024-03-29 03:14:43,17463_Ibraco Bhd,Misc,recurring,10890.3368,91.91662065936,174.2453888, ibraco ,['ibraco'],ibraco
6099,44e36ccd2be0a70ea0865e8da1b96767,,2024-09-16 15:16:11,240915_ADVENT LAW CORPORATION,Misc,recurring,1365.084,7.3259508,25.254054, advent law corporation,"['advent', 'law', 'corporation']",advent law corporation
6120,184f750cf209a48ce7c842445eb269ae,,2023-10-11 04:03:56,76308_VINCAR LEASING AND RENTAL PTE LTD,Misc,recurring,1624.8898204,8.418018,30.0621832, vincar leasing and rental  ,"['vincar', 'leasing', 'rental']",vincar leasing rental
6122,c62085dfeccbabc4847399928083ff91,,2024-05-07 04:09:40,181915_SG LivingHub Engineering Pte. Ltd.,Misc,recurring,2701.501236,14.3561334,49.977242, sg livinghub engineering  ,"['sg', 'livinghub', 'engineering']",sg livinghub engineering
6170,770f61f6476e32227b3720f42103737c,,2024-09-09 10:11:50,229551_OPTIMA CARZ LEASING PTE. LTD. f.k.a OPTIMA CARZ PTE. LTD.,Misc,recurring,1405.27814,17.9584384,36.5387484, optima carz leasing   fka optima carz  ,"['optima', 'carz', 'leasing', 'fka', 'optima', 'carz']",optima carz leasing fka optima carz
6180,009c3ec3c27ce83855d6534f9a5eca1e,,2024-09-20 04:01:05,142076_CREV Consultancy Pte Ltd,Misc,recurring,2123.464,27.1955068,55.210064, crev consultancy  ,"['crev', 'consultancy']",crev consultancy
6189,91f422c1461f92678825cc08cb17b7be,,2024-09-09 10:12:12,238274_ CIRCULAR LAW CHAMBERS LLP,Misc,recurring,991.96104,3.3217044,16.8663712,  circular law chambers ,"['circular', 'law', 'chambers']",circular law chambers
6230,3ddef99ce97c9fe2c38f0fea6a03e0cf,,2024-04-30 04:01:13,137852_SIPM CONSULTANTS PTE. LTD.,Misc,recurring,5071.7648394,14.5457284,81.14666, sipm consultants  ,"['sipm', 'consultants']",sipm consultants
6281,f19a3c63c2d7374d6594ec67491245aa,,2024-10-08 10:06:05,136974_TRIPLE 3 NINE CONSULTING,Misc,recurring,7583.8,41.3013748,140.3003, triple  nine consulting,"['triple', 'nine', 'consulting']",triple nine consulting
6315,9262dd897049c8deeb3d4fa9f0ea02fa,,2024-10-18 04:02:20,74094_Mercedes-Benz Fleet Management Singapore Pte Ltd,Misc,recurring,2688.495019,33.9299212,69.8998846, mercedesbenz fleet management   ,"['mercedesbenz', 'fleet', 'management']",mercedesbenz fleet management
6331,833962700abc2eafd927c474f358c1f3,,2024-09-20 10:00:52,232675_GYMWITHJONES PTE. LTD,Misc,recurring,1911.1176,10.313968,35.3556756, gymwithjones  ,['gymwithjones'],gymwithjones
6372,ef320c2e42ff5f739b9a7759fd3e6ca2,,2023-11-21 04:18:29,74094_Mercedes-Benz Fleet Management Singapore Pte Ltd,Misc,recurring,2663.8325014,14.1513708,49.2795324, mercedesbenz fleet management   ,"['mercedesbenz', 'fleet', 'management']",mercedesbenz fleet management
6378,2f4d34146df3e074bda9ab068bff5a1c,,2024-08-30 10:01:11,226991_NASAR VENTURES,Misc,recurring,2654.33,-8.1450012,53.0866, nasar ventures,"['nasar', 'ventures']",nasar ventures
6390,8cc5d6d62f599e25a066c406ea40653d,,2024-01-11 04:02:52,76308_VINCAR LEASING AND RENTAL PTE LTD,Misc,recurring,3264.8259,17.3744858,60.3973832, vincar leasing and rental  ,"['vincar', 'leasing', 'rental']",vincar leasing rental
6406,fa322fc7e5e9f1eb13177ff0e844ae38,,2023-10-20 15:00:28,145478_Yew Mei Decoration Contractor ,Misc,recurring,7583.8,39.7618634,140.3003, yew mei decoration contractor ,"['yew', 'mei', 'decoration', 'contractor']",yew mei decoration contractor
6416,1dbfd6d7517008c5fe074d5d1819bf80,,2024-02-20 04:19:34,142076_CREV Consultancy Pte Ltd,Misc,recurring,2123.464,26.9755766,55.210064, crev consultancy  ,"['crev', 'consultancy']",crev consultancy
6428,6ae8b2031c6882b61997ba613233de88,,2024-03-19 04:12:45,47912_The American Club ,Misc,recurring,1137.57,3.1624446,18.20112, the american club ,"['american', 'club']",american club
6443,4932b2fecee3579b92d1c13b07c0ffbc,,2024-05-23 10:00:57,201058_RED ALPHA CYBERSECURITY PTE. LTD,Misc,recurring,7583.8,40.5278272,140.3003, red alpha cybersecurity  ,"['red', 'alpha', 'cybersecurity']",red alpha cybersecurity
6447,1bdba8139e8747ba540cd279196f3ca9,,2024-10-07 07:01:38,246854_YC VENTURES PTE. LTD,Misc,recurring,2275.14,11.8534794,42.09009, yc ventures  ,"['yc', 'ventures']",yc ventures
6455,b4d41ca56c85838b3c3a7a88e00ed6d5,,2024-09-20 12:45:04,213615_Thong Teck Home For Senior Citizens,Misc,recurring,2047.626,11.0571804,37.881081, thong teck home for senior citizens,"['thong', 'teck', 'home', 'senior', 'citizens']",thong teck home senior citizens
6457,7547b0053fd5377d5f5f8ac0f4e7e4eb,,2024-09-03 04:16:04,211983_FWD Singapore Pte. Ltd.,Misc,recurring,1516.76,8.1601688,28.06006, fwd   ,['fwd'],fwd
6487,62c9bb18365a2431e2546175967a9fb3,,2024-10-08 04:30:46,239699_PKS FURNITURE  & WOODWORKS,Misc,recurring,6067.04,33.0198652,112.24024, pks furniture   woodworks,"['pks', 'furniture', 'woodworks']",pks furniture woodworks
6503,a1454566180a5c39cbe77e48812ee5b8,,2024-10-10 07:02:28,76308_VINCAR LEASING AND RENTAL PTE LTD,Misc,recurring,4844.379764,26.3385374,89.6177646, vincar leasing and rental  ,"['vincar', 'leasing', 'rental']",vincar leasing rental
6610,d85e7ab520034659fbfe773d7ac8cb32,,2024-10-08 10:06:08,137852_SIPM CONSULTANTS PTE. LTD.,Misc,recurring,5072.5232194,15.0614268,81.1618276, sipm consultants  ,"['sipm', 'consultants']",sipm consultants
6623,181df2fdc49320fd8ed960c60b33711b,,2024-08-19 16:30:06,233230_JET E MOTOR TRADING,Misc,recurring,13650.84,74.5184188,252.54054, jet e motor trading,"['jet', 'e', 'motor', 'trading']",jet e motor trading
6636,35c3030e8ec88591a6372bd5dea14157,,2023-10-03 04:08:05,137852_SIPM CONSULTANTS PTE. LTD.,Misc,recurring,5025.9890226,13.9086892,80.4186152, sipm consultants  ,"['sipm', 'consultants']",sipm consultants
6653,89e5b7e8821f59557456d2282a82db0f,,2024-06-18 04:19:49,211983_FWD Singapore Pte. Ltd.,Misc,recurring,1516.76,8.1601688,28.06006, fwd   ,['fwd'],fwd
6686,ac370bf88293278556f540aca94c4b80,,2024-02-27 04:01:49,78590_Kinto Singapore Pte Ltd,Misc,recurring,2056.6658896,26.126191,53.4733738, kinto   ,['kinto'],kinto
6688,f0ed8db2c5c9dbe303e7e42bd83f2edb,,2024-06-30 16:01:03,50776_ SINGAPORE FURNITURE RENTAL PTE. LTD.,Misc,recurring,4944.6376,13.7570132,111.254346,   furniture rental  ,"['furniture', 'rental']",furniture rental
6700,cabd8def3877421ef4ca27e0ed755e0e,,2024-09-06 10:00:41,236651_SG International Solutions Pte. Ltd.,Misc,recurring,4739.875,23.433942,85.31775, sg international solutions  ,"['sg', 'international', 'solutions']",sg international solutions
6715,f3e55befb49c98f489d29b137584770a,,2024-07-05 10:00:46,154395_MAPLEBEAR PLAYWORKS @ CBP PTE. LTD.,Misc,recurring,1243.894876,6.6661602,23.0092492, maplebear playworks  cbp  ,"['maplebear', 'playworks', 'cbp']",maplebear playworks cbp
6724,061aac648c432438f18aab58f1dda972,,2023-10-24 04:06:54,22126_Pats School House Pte Ltd,Misc,recurring,1801.91088,22.6907296,46.8527164, pats school house  ,"['pats', 'school', 'house']",pats school house
6740,55156e4472e5a9cff05c938edc3514ea,,2024-01-09 04:14:19,142327_CHEONG TAILOR,Misc,recurring,1516.76,7.2576966,27.30168, cheong tailor,"['cheong', 'tailor']",cheong tailor
6768,c4f255cc5db72a22f36659e1a0dbd4e4,,2024-04-01 02:26:26,17463_Ibraco Bhd,Misc,recurring,10890.3368,91.93840133296,174.2453888, ibraco ,['ibraco'],ibraco
6783,f858c0b309c14cb53874a83ada4fa64e,,2024-10-14 15:02:56,249749_Nanyang Psychology Academy Pte Ltd,Misc,recurring,1310.48064,-6.5448194,23.585618, nanyang psychology academy  ,"['nanyang', 'psychology', 'academy']",nanyang psychology academy
6811,9325def8e85a18ee227fea4b5c65c5e0,,2024-05-15 04:04:47,94027_MERCEDES-BENZ FLEET MANAGEMENT SINGAPORE PTE. LTD. f.k.a DAIMLER FLEET MANAGEMENT SINGAPORE PTE. LTD. f.k.a AUTOFLEET PACIFIC PTE. LTD.,Misc,recurring,2483.7627542,11.9596526,44.706501, mercedesbenz fleet management    fka daimler fleet management    fka autofleet pacific  ,"['mercedesbenz', 'fleet', 'management', 'fka', 'daimler', 'fleet', 'management', 'fka', 'autofleet', 'pacific']",mercedesbenz fleet management fka daimler fleet management fka autofleet pacific
6821,8e96b4608919a4a6b59abed0e9228384,,2024-06-25 10:00:47,202407_My-Insurer Private Limited,Misc,recurring,1137.57,6.0822076,21.045045, myinsurer  ,['myinsurer'],myinsurer
6842,5678f9023d44c7ab9870fd556fce9d48,,2024-04-26 04:00:27,63405_Seah Yoke Leng Janice,Misc,recurring,2275.89838,28.9246132,59.1763914, seah yoke leng janice,"['seah', 'yoke', 'leng', 'janice']",seah yoke leng janice
6846,1682e0916c5fb306ebcbb48d1e60e3cd,,2024-05-16 10:01:00,133366_Life Mastery Coaching Singapore LLP,Misc,recurring,1592.598,8.4104342,29.463063, life mastery coaching  ,"['life', 'mastery', 'coaching']",life mastery coaching
6858,90886864995b13d47dcc9291a2a29670,,2024-05-20 07:00:59,201053_ERA Realty Network Pte Ltd,Misc,recurring,2893.2197,15.3875302,53.5264604, era realty network  ,"['era', 'realty', 'network']",era realty network
6877,199c3d632cf6c61171c563fad7f322fc,,2024-04-09 15:01:04,173963_HOCK CHUAN HENG CAR RENTAL & TRADING,Misc,recurring,910.056,4.7474588,16.836036, hock chuan heng car rental  trading,"['hock', 'chuan', 'heng', 'car', 'rental', 'trading']",hock chuan heng car rental trading
6881,60202a2c9deae62ffddf52d91d30a635,,2024-04-17 04:02:00,47912_The American Club ,Misc,recurring,1137.57,3.1624446,18.20112, the american club ,"['american', 'club']",american club
6887,422913aef2bf6697e50cc0412f4d3c15,,2024-07-29 04:23:14,202558_Maplebear Learning Ladder Pte Ltd,Misc,recurring,1236.1594,5.9987858,22.8727408, maplebear learning ladder  ,"['maplebear', 'learning', 'ladder']",maplebear learning ladder
6906,6b983cefb75e2e4034a4122bfb57c45c,,2024-07-17 04:11:47,223816_NATION COOL AIRCONDITIONING & ENGINEERING PTE. LTD. f.k.a WEIKEN AIR-CONDITIONING & ENGINEERING (S) PTE. LTD.,Misc,recurring,2654.33,14.371301,49.105105, nation cool airconditioning  engineering   fka weiken airconditioning  engineering s  ,"['nation', 'cool', 'airconditioning', 'engineering', 'fka', 'weiken', 'airconditioning', 'engineering']",nation cool airconditioning engineering fka weiken airconditioning engineering
6912,4d2f65f2d76370db489a15bfb2e72c4b,,2024-05-13 15:01:24,198001_READ Architecture,Misc,recurring,5545.65375,29.6071552,102.5936464, read architecture,"['read', 'architecture']",read architecture
6983,3dc57f51e90905e61ce17e9e6fc6c528,,2024-08-02 04:34:02,202417_Propnex Realty Pte Ltd,Misc,recurring,4257.16613,23.1230062,78.757763, propnex realty  ,"['propnex', 'realty']",propnex realty
7011,60f94304d61ddf36e467263aa86bb8ba,,2024-05-28 04:01:18,57205_ST AUTO PTE LTD,Misc,recurring,1962.68744,24.9279506,51.0313902, st auto  ,"['st', 'auto']",st auto
7041,fba12b901a55637f34c3403e7009c4bf,,2024-06-03 15:02:21,207782_Bliss Helper Pte Ltd,Misc,recurring,1842.408372,9.934778,34.0815972, bliss helper  ,"['bliss', 'helper']",bliss helper
7047,8eb342c4853dc317b1bf0d58b44c7ec2,,2024-04-26 03:54:06,190998_My-Insurer Private Limited,Misc,recurring,1137.57,5.9684506,21.045045, myinsurer  ,['myinsurer'],myinsurer
7166,f1f6a403544fd00939da5d8ec633117d,,2024-08-20 05:07:16,139376_PROPNEX REALTY PTE LTD,Misc,recurring,1983.92208,10.7159094,36.705592, propnex realty  ,"['propnex', 'realty']",propnex realty
7170,c1d1bafce06303b27f9e5c9cd8109edc,,2024-08-12 04:08:56,173963_HOCK CHUAN HENG CAR RENTAL & TRADING,Misc,recurring,910.056,4.8460482,16.836036, hock chuan heng car rental  trading,"['hock', 'chuan', 'heng', 'car', 'rental', 'trading']",hock chuan heng car rental trading
7201,f4026174a46da26186ff9aec64ccffed,,2023-11-27 15:00:42,148157_ClearHorizon Pte Ltd,Misc,recurring,22751.4,-68.6864766,511.9065, clearhorizon  ,['clearhorizon'],clearhorizon
7205,dccdaae0b277989b5be365e04f8cd8e7,,2024-07-30 04:01:05,63405_Seah Yoke Leng Janice,Misc,recurring,2275.89838,29.159711,59.1763914, seah yoke leng janice,"['seah', 'yoke', 'leng', 'janice']",seah yoke leng janice
7215,9a6607539062ff65c7b5289f113b92f1,,2024-07-31 04:12:51,225534_ERA Realty Network Pte Ltd,Misc,recurring,4240.5272728,23.0320006,78.4468272, era realty network  ,"['era', 'realty', 'network']",era realty network
7217,d61988ea139340cc6a1a7c5eb5e72f1d,,2024-07-18 04:04:18,74094_Mercedes-Benz Fleet Management Singapore Pte Ltd,Misc,recurring,2688.495019,34.4607872,69.8998846, mercedesbenz fleet management   ,"['mercedesbenz', 'fleet', 'management']",mercedesbenz fleet management
7225,9be7ea67e75adae94318dbb06247afb7,,2024-06-20 15:01:14,212911_NTUC Health Co-operative Ltd,Misc,recurring,1065.7438302,5.6954338,19.71788, ntuc health cooperative ,"['ntuc', 'health', 'cooperative']",ntuc health cooperative
7228,83ce9b80ab07398ef803aa20c0e3848f,,2024-07-08 10:02:06,220495_Season Bus Services Co Pte Ltd,Misc,recurring,1332.7997634,7.1515234,24.6549338, season bus services co  ,"['season', 'bus', 'services', 'co']",season bus services co
7231,8f040bb2af459eb05386e0e9e94ff74e,,2024-10-01 04:28:23,232126_Mercedes-Benz Fleet Management Singapore Pte Lrd,Misc,recurring,2768.087,7.7506436,71.970262, mercedesbenz fleet management   lrd,"['mercedesbenz', 'fleet', 'management', 'lrd']",mercedesbenz fleet management lrd
7246,200a56626d4fe997697d0ee53142b3eb,,2024-01-30 04:05:58,147656_CYCLE & CARRIAGE LEASING PTE. LTD.,Misc,recurring,1895.95,-1.0313968,42.658875, cycle  carriage leasing  ,"['cycle', 'carriage', 'leasing']",cycle carriage leasing
7247,e63098c3b01b0c2bcb4150eeab7247cc,,2024-03-04 15:01:35,61353_THE TANGLIN CLUB,Misc,recurring,1041.028226,5.4451684,19.2552682, the tanglin club,"['tanglin', 'club']",tanglin club
7253,9df0e035f3940226bc77dbcc0b25971c,,2024-07-05 10:02:27,76308_VINCAR LEASING AND RENTAL PTE LTD,Misc,recurring,3265.58428,17.708173,60.4125508, vincar leasing and rental  ,"['vincar', 'leasing', 'rental']",vincar leasing rental
